,2030,2040,2050,name
0,709889.959950335,1495707.50261127,2202177.56956181,CATT_wb+CTC+CATT_4_Dilution+ YasaBonga
0,557178.771497981,1173660.4459667,1727476.7413161,CATT_wb+CTC+CATT_4_Dilution+ Kwamouth
0,170410.847171278,358552.717272453,527742.541886553,CATT_wb+CTC+CATT_4_Dilution+ Mosango
0,996088.968632145,2096676.23234831,3084940.92395888,CATT_wb+CTC+MaECT+CATT_4_Dilution+ YasaBonga
0,775325.977804736,1631160.98028004,2398791.62245652,CATT_wb+CTC+MaECT+CATT_4_Dilution+ Kwamouth
0,234458.00818071,492729.524905053,724718.010730321,CATT_wb+CTC+MaECT+CATT_4_Dilution+ Mosango
0,993130.457149266,2090693.45991948,3076385.77676818,CATT_wb+CTC+MaECT_bc+CATT_4_Dilution+ YasaBonga
0,773807.112415199,1628209.31575831,2394701.87090977,CATT_wb+CTC+MaECT_bc+CATT_4_Dilution+ Kwamouth
0,234324.929881779,492521.468869258,724475.625193964,CATT_wb+CTC+MaECT_bc+CATT_4_Dilution+ Mosango
0,779494.864509867,1642772.51766907,2419120.77614703,CATT_wb+CTC+QBC+CATT_4_Dilution+ YasaBonga
0,613127.750315149,1291918.8007979,1901954.59567331,CATT_wb+CTC+QBC+CATT_4_Dilution+ Kwamouth
0,188066.486115693,395818.97164805,582698.236943461,CATT_wb+CTC+QBC+CATT_4_Dilution+ Mosango
0,1245830.28918693,2621662.90150362,3856675.3601528,CATT_wb+MaECT+CATT_4_Dilution+ YasaBonga
0,967489.555663595,2034749.52448048,2991597.65141342,CATT_wb+MaECT+CATT_4_Dilution+ Kwamouth
0,291641.373719602,612700.7837682,900993.837416479,CATT_wb+MaECT+CATT_4_Dilution+ Mosango
0,2168184.02584682,4557935.45807811,6700349.32126779,CATT_wb+MaECT+MaECT_bc+CATT_4_Dilution+ YasaBonga
0,1668902.25495642,3505240.49575892,5148792.0908406,CATT_wb+MaECT+MaECT_bc+CATT_4_Dilution+ Kwamouth
0,496883.643711603,1042520.68837479,1531842.94574856,CATT_wb+MaECT+MaECT_bc+CATT_4_Dilution+ Mosango
0,1467556.22423577,3090234.11773871,4547986.52054737,CATT_wb+MaECT+QBC+CATT_4_Dilution+ YasaBonga
0,1146009.08280735,2412175.47607803,3548544.68072656,CATT_wb+MaECT+QBC+CATT_4_Dilution+ Kwamouth
0,348093.689836458,731881.564247126,1076769.10461441,CATT_wb+MaECT+QBC+CATT_4_Dilution+ Mosango
0,1244299.66842263,2618564.01037696,3852240.198677,CATT_wb+MaECT_bc+CATT_4_Dilution+ YasaBonga
0,966702.399889164,2033216.51980512,2989469.83917449,CATT_wb+MaECT_bc+CATT_4_Dilution+ Kwamouth
0,291572.3600872,612592.539344448,900867.460818527,CATT_wb+MaECT_bc+CATT_4_Dilution+ Mosango
0,1466170.76891837,3087432.21030093,4543979.81684361,CATT_wb+MaECT_bc+QBC+CATT_4_Dilution+ YasaBonga
0,1145297.77153104,2410793.07486529,3546629.09423104,CATT_wb+MaECT_bc+QBC+CATT_4_Dilution+ Kwamouth
0,348031.379388836,731784.111938892,1076655.55547427,CATT_wb+MaECT_bc+QBC+CATT_4_Dilution+ Mosango
0,755600.732295925,1591909.98146475,2343710.21392812,CATT_wb+QBC+CATT_4_Dilution+ YasaBonga
0,592718.149072387,1248415.54650531,1837397.5449732,CATT_wb+QBC+CATT_4_Dilution+ Kwamouth
0,181141.542230969,381100.201678402,560902.620795482,CATT_wb+QBC+CATT_4_Dilution+ Mosango
0,679349.263982031,1430666.5050949,2105713.47949098,CATT_wb+CTC+CATT_8_Dilution+ YasaBonga
0,530851.506927243,1117510.10015066,1644113.33052958,CATT_wb+CTC+CATT_8_Dilution+ Kwamouth
0,161375.894300947,339333.572670258,499267.109084592,CATT_wb+CTC+CATT_8_Dilution+ Mosango
0,960016.803304962,2020423.74269041,2972418.69326701,CATT_wb+CTC+MaECT+CATT_8_Dilution+ YasaBonga
0,746153.058078476,1569459.234858,2307714.88106558,CATT_wb+CTC+MaECT+CATT_8_Dilution+ Kwamouth
0,225175.927390796,473123.349807707,695791.869911006,CATT_wb+CTC+MaECT+CATT_8_Dilution+ Mosango
0,956043.680921365,2012375.01216095,2960895.11289869,CATT_wb+CTC+MaECT_bc+CATT_8_Dilution+ YasaBonga
0,744108.285862658,1565473.90440699,2302180.95795919,CATT_wb+CTC+MaECT_bc+CATT_8_Dilution+ Kwamouth
0,224996.801026383,472842.080159474,695463.253230957,CATT_wb+CTC+MaECT_bc+CATT_8_Dilution+ Mosango
0,743413.535370341,1566487.32783621,2306537.2673969,CATT_wb+CTC+QBC+CATT_8_Dilution+ YasaBonga
0,583945.241300875,1230186.31326537,1810823.01040648,CATT_wb+CTC+QBC+CATT_8_Dilution+ Kwamouth
0,178783.548429484,376210.204316396,553768.125928499,CATT_wb+CTC+QBC+CATT_8_Dilution+ Mosango
0,1151751.91973919,2420842.05200578,3558368.70598954,CATT_wb+MaECT+CATT_8_Dilution+ YasaBonga
0,885091.404043142,1858598.70689136,2729662.75495795,CATT_wb+MaECT+CATT_8_Dilution+ Kwamouth
0,262891.561787253,551446.473185711,810155.395671688,CATT_wb+MaECT+CATT_8_Dilution+ Mosango
0,2049834.05257693,4307971.07520904,6331705.15720159,CATT_wb+MaECT+MaECT_bc+CATT_8_Dilution+ YasaBonga
0,1574032.59889059,3304800.57606664,4853150.14586115,CATT_wb+MaECT+MaECT_bc+CATT_8_Dilution+ Kwamouth
0,467048.194971268,979568.709858083,1439028.5267804,CATT_wb+MaECT+MaECT_bc+CATT_8_Dilution+ Mosango
0,1352943.73368874,2847823.65094019,4190141.0708061,CATT_wb+MaECT+QBC+CATT_8_Dilution+ YasaBonga
0,1053056.33056571,2215459.46777528,3258060.51849996,CATT_wb+MaECT+QBC+CATT_8_Dilution+ Kwamouth
0,318426.282231388,669191.959712859,984260.215189299,CATT_wb+MaECT+QBC+CATT_8_Dilution+ Mosango
0,1149663.84835921,2416556.40925311,3552175.51915709,CATT_wb+MaECT_bc+CATT_8_Dilution+ YasaBonga
0,883997.517909393,1856418.60101992,2726587.07961145,CATT_wb+MaECT_bc+CATT_8_Dilution+ Kwamouth
0,262795.633424244,551290.936704981,809969.92273942,CATT_wb+MaECT_bc+CATT_8_Dilution+ Mosango
0,1351431.46431561,2844756.60797369,4185745.80228185,CATT_wb+MaECT_bc+QBC+CATT_8_Dilution+ YasaBonga
0,1052277.10175975,2213936.75061832,3255942.40039168,CATT_wb+MaECT_bc+QBC+CATT_8_Dilution+ Kwamouth
0,318357.951135061,669084.328443131,984134.178503474,CATT_wb+MaECT_bc+QBC+CATT_8_Dilution+ Mosango
0,718635.547779215,1513200.12442841,2226987.8815543,CATT_wb+QBC+CATT_8_Dilution+ YasaBonga
0,560989.074438912,1180760.03514692,1736971.97172662,CATT_wb+QBC+CATT_8_Dilution+ Kwamouth
0,170311.204170126,358070.403484217,526789.941278228,CATT_wb+QBC+CATT_8_Dilution+ Mosango
0,643258.100845236,1353926.82220602,1992020.03723753,CATT_wb+CTC+CATT_16_Dilution + YasaBonga
0,500069.479251326,1051966.34935132,1546911.54487789,CATT_wb+CTC+CATT_16_Dilution + Kwamouth
0,150931.228005991,317140.697218871,466406.842907782,CATT_wb+CTC+CATT_16_Dilution + Mosango
0,918261.88786253,1932177.84380449,2842217.60516694,CATT_wb+CTC+MaECT+CATT_16_Dilution + YasaBonga
0,712448.370426965,1498190.98558791,2202536.08660639,CATT_wb+CTC+MaECT+CATT_16_Dilution + Kwamouth
0,214477.693885129,450531.173035747,662465.004044867,CATT_wb+CTC+MaECT+CATT_16_Dilution + Mosango
0,913251.26030645,1922015.45006763,2827655.58706835,CATT_wb+CTC+MaECT_bc+CATT_16_Dilution + YasaBonga
0,709865.586402158,1493146.7175869,2195521.5105207,CATT_wb+CTC+MaECT_bc+CATT_16_Dilution + Kwamouth
0,214251.371813462,450174.771416219,662047.817661029,CATT_wb+CTC+MaECT_bc+CATT_16_Dilution + Mosango
0,701649.378537349,1478208.03176143,2176273.46847363,CATT_wb+CTC+QBC+CATT_16_Dilution + YasaBonga
0,550230.657438687,1158886.43165611,1705587.83708259,CATT_wb+CTC+QBC+CATT_16_Dilution + Kwamouth
0,168084.428648328,353615.358461835,520437.180707669,CATT_wb+CTC+QBC+CATT_16_Dilution + Mosango
0,1039965.91984837,2182655.78172602,3204987.7496964,CATT_wb+MaECT+CATT_16_Dilution + YasaBonga
0,788452.145715641,1652381.80293251,2423399.91737366,CATT_wb+MaECT+CATT_16_Dilution + Kwamouth
0,229631.852703575,480674.598669201,705280.835985463,CATT_wb+MaECT+CATT_16_Dilution + Mosango
0,1913239.16375803,4019494.40043106,5906288.50060659,CATT_wb+MaECT+MaECT_bc+CATT_16_Dilution + YasaBonga
0,1464624.96070541,3073673.1326845,4512272.41041241,CATT_wb+MaECT+MaECT_bc+CATT_16_Dilution + Kwamouth
0,432678.005306155,907056.045863496,1332125.03509702,CATT_wb+MaECT+MaECT_bc+CATT_16_Dilution + Mosango
0,1220162.16484525,2567062.01164614,3775758.64632567,CATT_wb+MaECT+QBC+CATT_16_Dilution + YasaBonga
0,945608.336090174,1988139.86216029,2922459.30213661,CATT_wb+MaECT+QBC+CATT_16_Dilution + Kwamouth
0,284227.748056136,596947.732335261,877669.47157226,CATT_wb+MaECT+QBC+CATT_16_Dilution + Mosango
0,1037286.81316374,2177081.18810142,3196855.62529918,CATT_wb+MaECT_bc+CATT_16_Dilution + YasaBonga
0,787021.888377357,1649467.79037877,2419226.06370323,CATT_wb+MaECT_bc+CATT_16_Dilution + Kwamouth
0,229506.358739598,480464.438088973,705025.409726642,CATT_wb+MaECT_bc+CATT_16_Dilution + Mosango
0,1218521.52551357,2563721.96435477,3770960.28406619,CATT_wb+MaECT_bc+QBC+CATT_16_Dilution + YasaBonga
0,944758.252945293,1986469.72651594,2920126.77141669,CATT_wb+MaECT_bc+QBC+CATT_16_Dilution + Kwamouth
0,284153.193733235,596829.327029166,877530.112975285,CATT_wb+MaECT_bc+QBC+CATT_16_Dilution + Mosango
0,675009.375710528,1420434.58672011,2089548.43079422,CATT_wb+QBC+CATT_16_Dilution + YasaBonga
0,523913.326301903,1101817.18014333,1619905.86575415,CATT_wb+QBC+CATT_16_Dilution + Kwamouth
0,157792.670734801,331478.612843987,487424.965861099,CATT_wb+QBC+CATT_16_Dilution + Mosango
0,498774.347550987,1050251.49951962,1545667.2005256,RDT1_SD+CTC+CATT_4_Dilution+ YasaBonga
0,389422.494046585,819656.90315822,1205775.65640917,RDT1_SD+CTC+CATT_4_Dilution+ Kwamouth
0,118255.602145489,248631.314769337,365789.34962437,RDT1_SD+CTC+CATT_4_Dilution+ Mosango
0,671796.210966311,1412345.34273764,2076307.81393441,RDT1_SD+CTC+MaECT+CATT_4_Dilution+ YasaBonga
0,517415.026782467,1086842.53275808,1596550.3180092,RDT1_SD+CTC+MaECT+CATT_4_Dilution+ Kwamouth
0,154183.382596007,323524.886238078,475402.48009262,RDT1_SD+CTC+MaECT+CATT_4_Dilution+ Mosango
0,668811.773923453,1406310.13276094,2067677.591206,RDT1_SD+CTC+MaECT_bc+CATT_4_Dilution+ YasaBonga
0,515882.749567413,1083864.83833909,1592424.63993761,RDT1_SD+CTC+MaECT_bc+CATT_4_Dilution+ Kwamouth
0,154049.132153706,323314.995802054,475157.952811919,RDT1_SD+CTC+MaECT_bc+CATT_4_Dilution+ Mosango
0,536154.314718878,1129310.64357328,1662372.85978745,RDT1_SD+CTC+QBC+CATT_4_Dilution+ YasaBonga
0,419730.634188362,883796.617087875,1300487.09052337,RDT1_SD+CTC+QBC+CATT_4_Dilution+ Kwamouth
0,127925.575668565,269064.12927441,395940.773681222,RDT1_SD+CTC+QBC+CATT_4_Dilution+ Mosango
0,819851.281700653,1722716.21875881,2531685.42746125,RDT1_SD+MaECT+CATT_4_Dilution+ YasaBonga
0,628595.364074203,1319482.7337554,1937370.09589552,RDT1_SD+MaECT+CATT_4_Dilution+ Kwamouth
0,186115.231365003,390260.696263225,573229.62954633,RDT1_SD+MaECT+CATT_4_Dilution+ Mosango
0,1380099.12000239,2894712.93795649,4248743.35855237,RDT1_SD+MaECT+MaECT_bc+CATT_4_Dilution+ YasaBonga
0,1041545.30233671,2181029.27466964,3196924.3461811,RDT1_SD+MaECT+MaECT_bc+CATT_4_Dilution+ Kwamouth
0,301378.874314088,630380.022320669,924526.521578317,RDT1_SD+MaECT+MaECT_bc+CATT_4_Dilution+ Mosango
0,938449.865213001,1973653.6268693,2902214.83185231,RDT1_SD+MaECT+QBC+CATT_4_Dilution+ YasaBonga
0,725060.543936175,1523722.39500482,2239055.69327277,RDT1_SD+MaECT+QBC+CATT_4_Dilution+ Kwamouth
0,217013.251307897,455574.380442898,669631.289739726,RDT1_SD+MaECT+QBC+CATT_4_Dilution+ Mosango
0,818307.079473231,1719589.80777402,2527210.60158554,RDT1_SD+MaECT_bc+CATT_4_Dilution+ YasaBonga
0,627801.288074195,1317936.02018271,1935223.26205817,RDT1_SD+MaECT_bc+CATT_4_Dilution+ Kwamouth
0,186045.596441208,390151.480711141,573102.108441864,RDT1_SD+MaECT_bc+CATT_4_Dilution+ Mosango
0,937052.218802436,1970827.07139803,2898172.78795029,RDT1_SD+MaECT_bc+QBC+CATT_4_Dilution+ YasaBonga
0,724343.012939736,1522327.85826791,2237123.25003415,RDT1_SD+MaECT_bc+QBC+CATT_4_Dilution+ Kwamouth
0,216950.390799005,455476.060666429,669516.725660982,RDT1_SD+MaECT_bc+QBC+CATT_4_Dilution+ Mosango
0,525275.581825546,1105911.95402965,1627439.55844,RDT1_SD+QBC+CATT_4_Dilution+ YasaBonga
0,409666.918712843,862126.686846991,1268107.40013056,RDT1_SD+QBC+CATT_4_Dilution+ Kwamouth
0,124218.621020108,261127.842990861,384138.438884452,RDT1_SD+QBC+CATT_4_Dilution+ Mosango
0,485288.406462427,1021198.25925979,1502243.64399889,RDT1_SD+CTC+CATT_8_Dilution+ YasaBonga
0,376650.576940325,792112.929954561,1164571.51273779,RDT1_SD+CTC+CATT_8_Dilution+ Kwamouth
0,113436.053714473,238296.773299692,350404.325062156,RDT1_SD+CTC+CATT_8_Dilution+ Mosango
0,652724.848297093,1371970.64297415,2016667.70768852,RDT1_SD+CTC+MaECT+CATT_8_Dilution+ YasaBonga
0,501767.983999898,1053688.98443096,1547551.2481574,RDT1_SD+CTC+MaECT+CATT_8_Dilution+ Kwamouth
0,149113.14101216,312796.94989763,459558.401353792,RDT1_SD+CTC+MaECT+CATT_8_Dilution+ Mosango
0,648716.680686327,1363850.54393496,2005041.64932887,RDT1_SD+CTC+MaECT_bc+CATT_8_Dilution+ YasaBonga
0,499705.107551817,1049668.02741469,1541967.69826418,RDT1_SD+CTC+MaECT_bc+CATT_8_Dilution+ Kwamouth
0,148932.366639692,312513.095533459,459226.757541463,RDT1_SD+CTC+MaECT_bc+CATT_8_Dilution+ Mosango
0,517073.646848792,1088902.65108816,1602670.50671608,RDT1_SD+CTC+QBC+CATT_8_Dilution+ YasaBonga
0,404073.815686464,850611.764390745,1251432.14213921,RDT1_SD+CTC+QBC+CATT_8_Dilution+ Kwamouth
0,122854.449119745,258333.549146857,380092.655537695,RDT1_SD+CTC+QBC+CATT_8_Dilution+ Mosango
0,780378.988995353,1637117.56273612,2403194.17684905,RDT1_SD+MaECT+CATT_8_Dilution+ YasaBonga
0,589589.700831175,1234900.86738574,1810382.79256959,RDT1_SD+MaECT+CATT_8_Dilution+ Kwamouth
0,170855.911296352,357438.887111754,524282.375985821,RDT1_SD+MaECT+CATT_8_Dilution+ Mosango
0,1316125.0438443,2759500.98259949,4049239.905242,RDT1_SD+MaECT+MaECT_bc+CATT_8_Dilution+ YasaBonga
0,989943.332213744,2071913.60355272,3035887.4851549,RDT1_SD+MaECT+MaECT_bc+CATT_8_Dilution+ Kwamouth
0,285019.892142891,595836.004096274,873571.757287873,RDT1_SD+MaECT+MaECT_bc+CATT_8_Dilution+ Mosango
0,878246.10240678,1846062.56889893,2713606.13921279,RDT1_SD+MaECT+QBC+CATT_8_Dilution+ YasaBonga
0,675393.06968318,1418363.98557051,2083223.10796684,RDT1_SD+MaECT+QBC+CATT_8_Dilution+ Kwamouth
0,200823.803056291,421295.106550304,618984.814513738,RDT1_SD+MaECT+QBC+CATT_8_Dilution+ Mosango
0,778273.262600843,1632794.17204913,2396945.82313712,RDT1_SD+MaECT_bc+CATT_8_Dilution+ YasaBonga
0,588485.771103106,1232700.53032824,1807278.22346941,RDT1_SD+MaECT_bc+CATT_8_Dilution+ Kwamouth
0,170759.102214766,357281.820950408,524095.06507605,RDT1_SD+MaECT_bc+CATT_8_Dilution+ Mosango
0,876720.359351602,1842967.87646564,2709170.93182231,RDT1_SD+MaECT_bc+QBC+CATT_8_Dilution+ YasaBonga
0,674606.520336364,1416827.16688537,2081085.10691531,RDT1_SD+MaECT_bc+QBC+CATT_8_Dilution+ Kwamouth
0,200754.837927143,421186.451729894,618857.564338502,RDT1_SD+MaECT_bc+QBC+CATT_8_Dilution+ Mosango
0,508712.417921967,1070252.9783998,1574167.39985115,RDT1_SD+QBC+CATT_8_Dilution+ YasaBonga
0,394154.582912744,828693.929732437,1218118.23904248,RDT1_SD+QBC+CATT_8_Dilution+ Kwamouth
0,118431.770502559,248728.058788148,365687.891427449,RDT1_SD+QBC+CATT_8_Dilution+ Mosango
0,468827.432872572,985880.321398599,1449599.0462053,RDT1_SD+CTC+CATT_16_Dilution + YasaBonga
0,361472.761524595,759499.210447971,1115901.13739982,RDT1_SD+CTC+CATT_16_Dilution + Kwamouth
0,107845.054950711,226333.892938996,332616.900732785,RDT1_SD+CTC+CATT_16_Dilution + Mosango
0,630544.679556064,1325033.80744454,1947354.23262821,RDT1_SD+CTC+MaECT+CATT_16_Dilution + YasaBonga
0,483637.304269174,1015291.62240205,1490821.15894233,RDT1_SD+CTC+MaECT+CATT_16_Dilution + Kwamouth
0,143264.769843678,300427.973360597,441295.459801543,RDT1_SD+CTC+MaECT+CATT_16_Dilution + Mosango
0,625489.846257169,1314781.67251615,1932663.22212257,RDT1_SD+CTC+MaECT_bc+CATT_16_Dilution + YasaBonga
0,481031.460526822,1010202.16791552,1483743.60279729,RDT1_SD+CTC+MaECT_bc+CATT_16_Dilution + Kwamouth
0,143036.436634736,300068.388128655,440874.519363016,RDT1_SD+CTC+MaECT_bc+CATT_16_Dilution + Mosango
0,494884.014040292,1041932.00416477,1533293.5463058,RDT1_SD+CTC+QBC+CATT_16_Dilution + YasaBonga
0,385933.105856105,812182.399756364,1194645.06394625,RDT1_SD+CTC+QBC+CATT_16_Dilution + Kwamouth
0,117005.182339884,245961.877945431,361825.588371337,RDT1_SD+CTC+QBC+CATT_16_Dilution + Mosango
0,731443.29931038,1531547.28931941,2245264.0202471,RDT1_SD+MaECT+CATT_16_Dilution + YasaBonga
0,542900.023503152,1134091.65644073,1659463.98953553,RDT1_SD+MaECT+CATT_16_Dilution + Kwamouth
0,153129.359335556,319404.9969354,467643.127932956,RDT1_SD+MaECT+CATT_16_Dilution + Mosango
0,1242141.6678604,2603157.92081307,3818584.18235526,RDT1_SD+MaECT+MaECT_bc+CATT_16_Dilution + YasaBonga
0,930358.304074435,1945943.99920263,2850005.3531284,RDT1_SD+MaECT+MaECT_bc+CATT_16_Dilution + Kwamouth
0,266167.925955309,556035.351901522,814870.032297462,RDT1_SD+MaECT+MaECT_bc+CATT_16_Dilution + Mosango
0,808109.763230639,1697502.42322416,2494081.07604773,RDT1_SD+MaECT+QBC+CATT_16_Dilution + YasaBonga
0,617784.638241722,1296236.12517578,1902664.03973199,RDT1_SD+MaECT+QBC+CATT_16_Dilution + Kwamouth
0,182144.934457532,381765.168516222,560598.522662841,RDT1_SD+MaECT+QBC+CATT_16_Dilution + Mosango
0,728741.411196031,1525925.41866937,2237063.31023062,RDT1_SD+MaECT_bc+CATT_16_Dilution + YasaBonga
0,541458.003870888,1131153.86992045,1655256.41959829,RDT1_SD+MaECT_bc+CATT_16_Dilution + Kwamouth
0,153002.770095435,319193.120653977,467385.654205452,RDT1_SD+MaECT_bc+CATT_16_Dilution + Mosango
0,806454.327951812,1694131.93584602,2489238.81647245,RDT1_SD+MaECT_bc+QBC+CATT_16_Dilution + YasaBonga
0,616926.684722904,1294550.19896744,1900309.29947651,RDT1_SD+MaECT_bc+QBC+CATT_16_Dilution + Kwamouth
0,182069.741238974,381645.699262056,560457.872041304,RDT1_SD+MaECT_bc+QBC+CATT_16_Dilution + Mosango
0,488570.408413264,1027041.29081736,1509762.45272159,RDT1_SD+QBC+CATT_16_Dilution + YasaBonga
0,375747.201856228,789148.021563843,1159114.63454632,RDT1_SD+QBC+CATT_16_Dilution + Kwamouth
0,111720.470586019,234376.113402974,344357.141479062,RDT1_SD+QBC+CATT_16_Dilution + Mosango
,735052.222345638,1547071.92756365,2276245.22399438,
,576900.689074952,1214141.30777231,1786195.3953663,
,176808.572709048,371962.462223501,547512.592131602,
,1110300.58205259,2316680.63659727,3388810.21140872,
,836965.991605155,1744737.7832331,2550893.37262204,
,244485.109794363,510964.833564846,749585.252500773,
,1107519.83222506,2311317.87393405,3381400.66771426,
,835625.052527313,1742322.87926167,2547727.62419089,
,244368.587387137,510802.053612076,749407.643208723,
,830656.509485289,1744496.50533719,2563001.64454796,
,645461.128054192,1355286.79930194,1990854.99409564,
,195560.729959556,410778.546359274,604172.221514109,
,1267797.86947772,2661903.0701063,3910207.99819465,
,984022.657514204,2065623.32412585,3033785.58478916,
,297742.168307541,625300.48809019,919606.349496266,
,2521505.6876613,5226610.92667076,7611215.50619199,
,1841720.99896494,3809379.52503657,5540863.75785999,
,516519.717221428,1073192.39251013,1569599.83194483,
,1586074.74629096,3317450.50605099,4860683.91242001,
,1209362.89337228,2527988.91263194,3702712.82327002,
,358265.265230235,750231.786985318,1101701.67303448,
,1266360.89917654,2659129.39523118,3906373.03062542,
,983329.036743312,2064372.56703848,3032144.57702729,
,297681.873248595,625216.112165756,919514.200649733,
,1582904.73862489,3311339.51002988,4852242.33826096,
,1207835.37816183,2525239.15615588,3699109.6219275,
,358132.555939933,750046.516088115,1101499.58907859,
,780608.687031826,1642737.40675301,2416786.97372417,
,612286.228392476,1288433.33704889,1895319.92195755,
,187524.917640124,394470.894186034,580616.934025986,
,704048.486577998,1480412.0315046,2176786.32777072,
,550107.522746256,1156575.52742721,1700384.41971346,
,167730.430906016,352623.917573869,518864.94189792,
,1121132.97189566,2330675.60508397,3400768.81714576,
,830342.612694013,1723479.70753828,2512660.53976853,
,237161.40055986,494077.524806576,723613.692986314,
,1117377.63178387,2323391.2032087,3390660.83588494,
,828518.539443112,1720166.31710546,2508290.46259918,
,237002.559626092,493852.841323562,723366.979905973,
,807809.030939749,1693535.86966562,2485204.72902201,
,622594.879083035,1304774.45346026,1914272.62162393,
,186825.797338428,391919.496732691,576049.055488767,
,1172019.11536308,2455149.40019866,3600936.90821487,
,899920.418032266,1884317.04997763,2762957.54880806,
,268834.123793025,563611.481684715,828143.784859372,
,2577520.83053243,5312371.26216777,7705895.98192203,
,1830759.51071092,3759646.47588944,5442368.93500365,
,493972.022555635,1020380.37002982,1487822.76829952,
,1520613.21519938,3169092.50174757,4632028.29256932,
,1139868.73974493,2372946.57685521,3466273.09310947,
,330632.946870134,690326.737335651,1012190.70188921,
,1170060.4451664,2451321.58117572,3595596.9884061,
,898959.961403726,1882553.59378691,2760613.89869026,
,268750.317649442,563491.057033543,828010.509914957,
,1516348.74907065,3160847.1587321,4620613.57248192,
,1137805.68990024,2369216.8109368,3461369.80856076,
,330453.637685443,690074.756114561,1011914.94098123,
,743116.500767512,1562188.72425784,2296666.2459477,
,580028.969112245,1219179.77198938,1792137.59807458,
,176645.537412491,371306.351887148,546310.777765226,
,667479.934135157,1401998.59211699,2059992.30035487,
,518842.59722857,1089558.22160443,1600627.95335374,
,157241.127365343,330306.727598514,485824.486228079,
,1127296.49546344,2334658.42776786,3397810.80217477,
,819684.106112611,1693564.92790938,2461533.01528116,
,228464.898343884,474266.337311668,693309.924002698,
,1122530.09265735,2325358.25722021,3384851.93446256,
,817351.764912393,1689292.53150753,2455864.13909732,
,228261.584043054,473975.096620847,692988.13443105,
,779562.625155463,1631129.47112607,2390485.29994784,
,595333.426555994,1244940.21174345,1823907.08678073,
,176686.613879437,370090.925023627,543542.921070487,
,1058484.07782618,2210851.2561454,3236254.23135501,
,801523.266305586,1672770.56347361,2447488.97168305,
,235411.407542439,492390.130966545,722622.268687847,
,2618987.51050687,5366746.51549022,7753654.4953779,
,1807043.8915478,3682434.49899313,5302843.38626566,
,467044.196592746,958223.655062338,1392191.9140453,
,1438027.27145857,2984384.58370495,4349588.14680826,
,1056378.54163794,2188187.74244622,3185864.8725208,
,298513.108024048,620926.60734543,908661.71540292,
,1055974.14772894,2205883.84737936,3229261.90876138,
,800272.817749274,1670433.56920707,2444344.88618828,
,235301.944577597,492228.716576863,722441.407448072,
,1432636.26408404,2973928.11043918,4335079.95387269,
,1053759.69373442,2183431.93868618,3179593.85634676,
,298285.045329746,620604.10392222,908307.625201631,
,698947.644411449,1467526.74972861,2155719.95499575,
,542407.750181338,1138583.05449244,1672214.681673,
,164076.425270533,344575.080558282,506745.025486338,
,524080.846407041,1101811.65258933,1619921.4276518,
,409247.905723786,860286.954862312,1264658.30644723,
,124704.874713665,262145.703417182,385715.071703422,
,786798.350161535,1633561.95770703,2381531.92779879,
,579395.439049603,1200827.30839864,1748988.4683256,
,164281.439907167,341874.926626408,500425.49315947,
,783994.830736429,1628157.23896545,2374066.31537054,
,578044.109125772,1198395.0898363,1745801.62079852,
,164164.071593091,341711.091818095,500246.806240391,
,587655.885293929,1231560.63487732,1806848.12751473,
,452246.519455974,947421.695802993,1389658.58674795,
,135477.984490948,284134.098272991,417574.456912428,
,841775.494512832,1762501.62437598,2584206.23643808,
,645046.342857273,1349951.26556068,1978772.66018279,
,192250.188107715,402918.315218004,591931.644719068,
,1735823.64190347,3566869.121857,5163232.02478538,
,1215207.33816188,2485860.06645668,3589084.55860012,
,321125.493699189,661158.675103561,962389.683357261,
,1057661.46229413,2201675.99480596,3215478.61671074,
,788635.897157802,1639560.62705362,2392886.70611546,
,227244.555378929,474006.409514758,694671.91213667,
,840326.573899027,1759706.06947502,2580342.28995049,
,644347.115954892,1348691.1275676,1977120.18061078,
,192189.444923631,402833.370158147,591838.912706677,
,1054465.29380502,2195516.99311972,3206973.17231768,
,787096.093294071,1636790.86986859,2389259.06683482,
,227110.783312361,473819.848964794,694468.5134916,
,550413.304392995,1156884.81167616,1700609.94249271,
,429324.114142958,902250.646347604,1326119.92371502,
,130652.191558426,274599.54427974,404003.263259166,
,510134.790744169,1071149.09200068,1573520.44129338,
,396012.779709242,831336.035870558,1221021.55481077,
,119842.373962164,251692.477023985,370158.898968882,
,815026.000141141,1684171.30646712,2447365.67297299,
,586480.880078215,1208431.04486323,1753231.10258908,
,161185.246286986,333886.277432127,487557.602051979,
,811240.1050521,1676830.81218975,2437183.5793086,
,584642.769316437,1205095.29512697,1748833.4477403,
,161025.401592178,333660.339271598,487309.617207972,
,581927.080119313,1216707.28220077,1782252.99714979,
,442963.919895805,925564.175260431,1355297.08169873,
,130959.870339062,274160.563283284,402541.612309172,
,800608.394034817,1670987.69321072,2444784.16945774,
,604341.740899783,1260231.26573108,1842924.25237454,
,176833.087227092,369663.253083529,542362.593690498,
,1847681.32849566,3770117.59383926,5430743.83561732,
,1248192.52505147,2528618.04320238,3626675.06473721,
,312112.8015132,636830.814280287,922552.880970932,
,1047042.86285,2168975.7952677,3157220.33118438,
,762636.880099574,1576259.85449639,2291609.63471494,
,213108.468187048,442537.846180302,647052.72758102,
,798633.369884349,1667129.40177712,2439402.60272822,
,603373.621148892,1258454.79460526,1840564.28286887,
,176748.682353635,369542.02794845,542228.480346271,
,1042742.97176246,2160665.09931723,3145719.48720094,
,760557.607528023,1572503.48448537,2286674.13977452,
,212927.704864926,442284.080886101,646775.152146831,
,533327.008692725,1119399.86425641,1643963.4774903,
,413287.307817516,867231.549531082,1273394.82324994,
,124816.636957436,262065.997908531,385360.719143376,
,493200.338103897,1034171.46998528,1517801.68731709,
,380356.222153735,797262.025781775,1169819.79285663,
,114207.11749741,239606.384288407,352192.936225708,
,841168.669607444,1730219.18283283,2506317.10726074,
,591584.007178842,1211711.54662202,1750964.53201912,
,157354.836637114,324319.548151508,472340.314327297,
,836363.065501333,1720848.3113415,2493265.04701643,
,589234.479742356,1207411.39442909,1745262.60739328,
,157150.012485937,324026.527993351,472016.782763967,
,573377.114184309,1195848.92296608,1748756.25079583,
,431336.713560588,898714.045974238,1313533.74734159,
,125675.809854975,262563.016225802,385108.36193434,
,749931.533032455,1559337.15910474,2275612.51362293,
,555904.145047089,1154124.40653753,1682856.93659252,
,158944.279460127,331182.501646216,485080.452028709,
,1953259.24776022,3959434.82035372,5677056.07060482,
,1274997.60161388,2557769.25484495,3643675.90443627,
,300763.720375495,607465.350642636,875208.031067315,
,1027548.72538043,2117338.65853414,3070847.21049311,
,729205.137057925,1497097.67345685,2166788.23416938,
,196527.046884253,405879.456855439,591759.387975455,
,747401.366922012,1554332.26682062,2268569.99278763,
,554644.376896254,1151772.44678959,1679694.2181177,
,158834.105560812,331020.197338384,484898.697982922,
,1022113.19530127,2106800.93950473,3056232.50486722,
,726566.374658459,1492309.18281974,2160476.23232445,
,196297.617692435,405555.223454049,591403.557235757,
,512647.201087955,1074310.06963718,1576086.09665052,
,394339.992788033,826049.02225124,1211564.76387636,
,118055.218546724,247576.001131672,363831.333371645,
