,2030,2040,2050,name
0,659636.280591731,1389685.91411314,2045937.74769717,CATT_wb+CTC+CATT_4_Dilution+iELISA+ YasaBonga
0,517292.109310789,1089504.03747531,1603467.80685689,CATT_wb+CTC+CATT_4_Dilution+iELISA+ Kwamouth
0,158028.101078049,332458.845328882,489300.344352296,CATT_wb+CTC+CATT_4_Dilution+iELISA+ Mosango
0,946143.876166738,1991278.71805201,2929593.6523023,CATT_wb+CTC+MaECT+CATT_4_Dilution+iELISA+ YasaBonga
0,735603.901592524,1547325.23635512,2275228.32610311,CATT_wb+CTC+MaECT+CATT_4_Dilution+iELISA+ Kwamouth
0,222092.812646533,466665.279786128,686312.958586707,CATT_wb+CTC+MaECT+CATT_4_Dilution+iELISA+ Mosango
0,943237.551847607,1985401.43741882,2921189.20372143,CATT_wb+CTC+MaECT_bc+CATT_4_Dilution+iELISA+ YasaBonga
0,734111.560325243,1544425.04374991,2271209.76579928,CATT_wb+CTC+MaECT_bc+CATT_4_Dilution+iELISA+ Kwamouth
0,221962.081472772,466460.877549995,686074.796542343,CATT_wb+CTC+MaECT_bc+CATT_4_Dilution+iELISA+ Mosango
0,729546.323427891,1537368.69069642,2263765.21692019,CATT_wb+CTC+QBC+CATT_4_Dilution+iELISA+ YasaBonga
0,573402.015913495,1208076.6970932,1778383.06666593,CATT_wb+CTC+QBC+CATT_4_Dilution+iELISA+ Kwamouth
0,175700.737842844,369753.845194963,544292.138110604,CATT_wb+CTC+QBC+CATT_4_Dilution+iELISA+ Mosango
0,1084827.32429406,2282005.43110784,3356151.37940853,CATT_wb+MaECT+CATT_4_Dilution+iELISA+ YasaBonga
0,839754.175300653,1765257.4887062,2594503.13778627,CATT_wb+MaECT+CATT_4_Dilution+iELISA+ Kwamouth
0,252008.252026906,529187.538355222,777964.01390414,CATT_wb+MaECT+CATT_4_Dilution+iELISA+ Mosango
0,2008513.03136559,4220971.70491679,6203677.50883249,CATT_wb+MaECT+MaECT_bc+CATT_4_Dilution+iELISA+ YasaBonga
0,1541870.82576187,3237118.97081527,4753600.51696085,CATT_wb+MaECT+MaECT_bc+CATT_4_Dilution+iELISA+ Kwamouth
0,457322.335055569,959126.664854717,1408960.4045249,CATT_wb+MaECT+MaECT_bc+CATT_4_Dilution+iELISA+ Mosango
0,1307678.10175007,2752855.12901096,4050724.61965681,CATT_wb+MaECT+QBC+CATT_4_Dilution+iELISA+ YasaBonga
0,1018865.4632748,2143839.34819177,3153058.38567279,CATT_wb+MaECT+QBC+CATT_4_Dilution+iELISA+ Kwamouth
0,308521.783331978,648470.954209358,953867.235188084,CATT_wb+MaECT+QBC+CATT_4_Dilution+iELISA+ Mosango
0,1083322.46517823,2278958.51516648,3351790.03465636,CATT_wb+MaECT_bc+CATT_4_Dilution+iELISA+ YasaBonga
0,838980.468807435,1763749.88795233,2592409.80778436,CATT_wb+MaECT_bc+CATT_4_Dilution+iELISA+ Kwamouth
0,251940.455847504,529081.13453419,777839.70624153,CATT_wb+MaECT_bc+CATT_4_Dilution+iELISA+ Mosango
0,1306298.77842727,2750065.3401102,4046734.94618883,CATT_wb+MaECT_bc+QBC+CATT_4_Dilution+iELISA+ YasaBonga
0,1018157.0445081,2142462.40236519,3151150.27833724,CATT_wb+MaECT_bc+QBC+CATT_4_Dilution+iELISA+ Kwamouth
0,308459.677134502,648373.836976606,953754.071475919,CATT_wb+MaECT_bc+QBC+CATT_4_Dilution+iELISA+ Mosango
0,695493.61895594,1465097.81291054,2156829.84413839,CATT_wb+QBC+CATT_4_Dilution+iELISA+ YasaBonga
0,545004.531816928,1147742.98628814,1689049.15244249,CATT_wb+QBC+CATT_4_Dilution+iELISA+ Kwamouth
0,166326.584453242,349880.488110182,514908.449311215,CATT_wb+QBC+CATT_4_Dilution+iELISA+ Mosango
0,642249.447636213,1352679.32186699,1991072.97739142,CATT_wb+CTC+CATT_8_Dilution+iELISA+ YasaBonga
0,502306.944442122,1057560.56602268,1556057.90058744,CATT_wb+CTC+CATT_8_Dilution+iELISA+ Kwamouth
0,152881.463589255,321512.142417323,473081.678042697,CATT_wb+CTC+CATT_8_Dilution+iELISA+ Mosango
0,925598.572261031,1947859.98178811,2865534.2413717,CATT_wb+CTC+MaECT+CATT_8_Dilution+iELISA+ YasaBonga
0,718990.118478282,1512195.78948143,2223382.84441677,CATT_wb+CTC+MaECT+CATT_8_Dilution+iELISA+ Kwamouth
0,216804.726054666,455496.111442154,669834.515264307,CATT_wb+CTC+MaECT+CATT_8_Dilution+iELISA+ Mosango
0,922108.772955892,1940786.6449658,2855403.04962467,CATT_wb+CTC+MaECT_bc+CATT_8_Dilution+iELISA+ YasaBonga
0,717192.495431549,1508688.87789587,2218509.88050908,CATT_wb+CTC+MaECT_bc+CATT_8_Dilution+iELISA+ Kwamouth
0,216647.218139681,455248.45529229,669544.899158532,CATT_wb+CTC+MaECT_bc+CATT_8_Dilution+iELISA+ Mosango
0,708990.341037564,1493912.25553825,2199635.30835585,CATT_wb+CTC+QBC+CATT_8_Dilution+iELISA+ YasaBonga
0,556777.10675425,1172911.77849611,1726474.41925311,CATT_wb+CTC+QBC+CATT_8_Dilution+iELISA+ Kwamouth
0,170411.631790794,358581.655176821,527809.092734936,CATT_wb+CTC+QBC+CATT_8_Dilution+iELISA+ Mosango
0,1031249.3264889,2167675.98086492,3186359.52687177,CATT_wb+MaECT+CATT_8_Dilution+iELISA+ YasaBonga
0,792833.699520249,1664980.51569282,2445418.25988257,CATT_wb+MaECT+CATT_8_Dilution+iELISA+ Kwamouth
0,235629.466666353,494292.985134156,726216.545026201,CATT_wb+MaECT+CATT_8_Dilution+iELISA+ Mosango
0,1941086.67638347,4078566.82492915,5993666.84214975,CATT_wb+MaECT+MaECT_bc+CATT_8_Dilution+iELISA+ YasaBonga
0,1487820.20601448,3122928.21100288,4585178.79501024,CATT_wb+MaECT+MaECT_bc+CATT_8_Dilution+iELISA+ Kwamouth
0,440322.846652993,923258.475870011,1356077.45381526,CATT_wb+MaECT+MaECT_bc+CATT_8_Dilution+iELISA+ Mosango
0,1242377.65605211,2614749.48623157,3846860.83291999,CATT_wb+MaECT+QBC+CATT_8_Dilution+iELISA+ YasaBonga
0,965907.04205147,2031769.37012428,2987573.65844109,CATT_wb+MaECT+QBC+CATT_8_Dilution+iELISA+ Kwamouth
0,291617.828059114,612752.023414201,901158.083709573,CATT_wb+MaECT+QBC+CATT_8_Dilution+iELISA+ Mosango
0,1029411.51461573,2163895.02162634,3180886.87197091,CATT_wb+MaECT_bc+CATT_8_Dilution+iELISA+ YasaBonga
0,791867.55946889,1663047.97168764,2442684.87799799,CATT_wb+MaECT_bc+CATT_8_Dilution+iELISA+ Kwamouth
0,235544.729132952,494154.816518009,726051.249420905,CATT_wb+MaECT_bc+CATT_8_Dilution+iELISA+ Mosango
0,1240924.04450266,2611798.21317007,3842629.17842466,CATT_wb+MaECT_bc+QBC+CATT_8_Dilution+iELISA+ YasaBonga
0,965156.365924564,2030301.31427004,2985530.19233657,CATT_wb+MaECT_bc+QBC+CATT_8_Dilution+iELISA+ Kwamouth
0,291552.0716164,612648.225766791,901036.426655134,CATT_wb+MaECT_bc+QBC+CATT_8_Dilution+iELISA+ Mosango
0,674439.746228819,1420280.32667134,2090380.02283078,CATT_wb+QBC+CATT_8_Dilution+iELISA+ YasaBonga
0,526934.876470901,1109222.82587081,1631879.58153863,CATT_wb+QBC+CATT_8_Dilution+iELISA+ Kwamouth
0,160156.367987107,336760.710111581,495474.962174437,CATT_wb+QBC+CATT_8_Dilution+iELISA+ Mosango
0,621701.683890456,1309013.719854,1926403.8346589,CATT_wb+CTC+CATT_16_Dilution +iELISA+ YasaBonga
0,484785.563099319,1020271.51240369,1500775.22226841,CATT_wb+CTC+CATT_16_Dilution +iELISA+ Kwamouth
0,146931.771232817,308871.588447786,454365.446295225,CATT_wb+CTC+CATT_16_Dilution +iELISA+ Mosango
0,901815.728324825,1897608.49193545,2791403.36196681,CATT_wb+CTC+MaECT+CATT_16_Dilution +iELISA+ YasaBonga
0,699794.105522026,1471615.93811377,2163503.23911084,CATT_wb+CTC+MaECT+CATT_16_Dilution +iELISA+ Kwamouth
0,210709.684246719,442625.530575387,650848.597688134,CATT_wb+CTC+MaECT+CATT_16_Dilution +iELISA+ Mosango
0,897728.686566244,1889310.93651068,2779504.37533879,CATT_wb+CTC+MaECT_bc+CATT_16_Dilution +iELISA+ YasaBonga
0,697684.333420981,1467487.53442452,2157754.29935025,CATT_wb+CTC+MaECT_bc+CATT_16_Dilution +iELISA+ Kwamouth
0,210524.783146406,442333.514314667,650506.147411563,CATT_wb+CTC+MaECT_bc+CATT_16_Dilution +iELISA+ Mosango
0,685196.536168827,1443622.20350387,2125432.29356203,CATT_wb+CTC+QBC+CATT_16_Dilution +iELISA+ YasaBonga
0,537569.875623789,1132295.77992807,1666530.35868668,CATT_wb+CTC+QBC+CATT_16_Dilution +iELISA+ Kwamouth
0,164315.58004057,345708.019437474,508818.499993591,CATT_wb+CTC+QBC+CATT_16_Dilution +iELISA+ Mosango
0,967585.017823019,2032068.40808794,2985210.19483811,CATT_wb+MaECT+CATT_16_Dilution +iELISA+ YasaBonga
0,737802.491641537,1547584.12382956,2271097.36557856,CATT_wb+MaECT+CATT_16_Dilution +iELISA+ Kwamouth
0,216681.259425204,453976.273930067,666472.823750054,CATT_wb+MaECT+CATT_16_Dilution +iELISA+ Mosango
0,1863257.62190045,3914210.75039317,5751301.4744734,CATT_wb+MaECT+MaECT_bc+CATT_16_Dilution +iELISA+ YasaBonga
0,1425486.47762366,2991251.89655225,4390982.45637158,CATT_wb+MaECT+MaECT_bc+CATT_16_Dilution +iELISA+ Kwamouth
0,420739.304389309,881942.516692876,1295166.48609086,CATT_wb+MaECT+MaECT_bc+CATT_16_Dilution +iELISA+ Mosango
0,1166725.26012532,2454792.78864853,3610784.94828329,CATT_wb+MaECT+QBC+CATT_16_Dilution +iELISA+ YasaBonga
0,904689.57658558,1902262.40744142,2796382.88222565,CATT_wb+MaECT+QBC+CATT_16_Dilution +iELISA+ Kwamouth
0,272132.131620854,571588.963016533,840425.231036198,CATT_wb+MaECT+QBC+CATT_16_Dilution +iELISA+ Mosango
0,965393.249466866,2027487.56908475,2978508.3542402,CATT_wb+MaECT_bc+CATT_16_Dilution +iELISA+ YasaBonga
0,736624.859044504,1545169.52687354,2267624.22835017,CATT_wb+MaECT_bc+CATT_16_Dilution +iELISA+ Kwamouth
0,216577.856174655,453801.615558696,666259.423753719,CATT_wb+MaECT_bc+CATT_16_Dilution +iELISA+ Mosango
0,1165193.2307608,2451671.74908045,3606298.61886493,CATT_wb+MaECT_bc+QBC+CATT_16_Dilution +iELISA+ YasaBonga
0,903894.929499151,1900698.51647672,2794196.24920612,CATT_wb+MaECT_bc+QBC+CATT_16_Dilution +iELISA+ Kwamouth
0,272062.46591791,571478.038336364,840294.470321784,CATT_wb+MaECT_bc+QBC+CATT_16_Dilution +iELISA+ Mosango
0,649591.533439372,1367457.87436267,2012133.03095943,CATT_wb+QBC+CATT_16_Dilution +iELISA+ YasaBonga
0,505819.888757377,1064274.95627018,1565235.1164308,CATT_wb+QBC+CATT_16_Dilution +iELISA+ Kwamouth
0,153024.316509973,321611.604553199,473049.192901931,CATT_wb+QBC+CATT_16_Dilution +iELISA+ Mosango
0,470963.393756288,991593.082302887,1459239.94085023,RDT1_SD+CTC+CATT_4_Dilution+iELISA+ YasaBonga
0,367397.510632165,773201.218162773,1137335.81052391,RDT1_SD+CTC+CATT_4_Dilution+iELISA+ Kwamouth
0,111437.52870597,234267.885802896,344632.416718377,RDT1_SD+CTC+CATT_4_Dilution+iELISA+ Mosango
0,644289.242170237,1354301.1270626,1990758.11210152,RDT1_SD+CTC+MaECT+CATT_4_Dilution+iELISA+ YasaBonga
0,495550.168834178,1040697.93934926,1528541.84376419,RDT1_SD+CTC+MaECT+CATT_4_Dilution+iELISA+ Kwamouth
0,147381.15455939,309187.42386555,454277.234658411,RDT1_SD+CTC+MaECT+CATT_4_Dilution+iELISA+ Mosango
0,641357.384943349,1348372.20673762,1982279.72496675,RDT1_SD+CTC+MaECT_bc+CATT_4_Dilution+iELISA+ YasaBonga
0,494044.789401036,1037772.30991724,1524487.97531141,RDT1_SD+CTC+MaECT_bc+CATT_4_Dilution+iELISA+ Kwamouth
0,147249.273404898,308981.220597463,454036.970691563,RDT1_SD+CTC+MaECT_bc+CATT_4_Dilution+iELISA+ Mosango
0,508643.74413463,1071259.7882637,1576814.47873606,RDT1_SD+CTC+QBC+CATT_4_Dilution+iELISA+ YasaBonga
0,397862.030080525,837645.487435296,1232470.05068475,RDT1_SD+CTC+QBC+CATT_4_Dilution+iELISA+ Kwamouth
0,121122.77678765,254725.756697914,374814.450215802,RDT1_SD+CTC+QBC+CATT_4_Dilution+iELISA+ Mosango
0,730663.067427942,1534616.7315216,2254555.06743597,RDT1_SD+MaECT+CATT_4_Dilution+iELISA+ YasaBonga
0,558015.97550987,1170630.58059302,1718092.90740258,RDT1_SD+MaECT+CATT_4_Dilution+iELISA+ Kwamouth
0,164288.801206003,344284.401516782,505512.007834539,RDT1_SD+MaECT+CATT_4_Dilution+iELISA+ Mosango
0,1292230.58785756,2709280.40094077,3975424.89058976,RDT1_SD+MaECT+MaECT_bc+CATT_4_Dilution+iELISA+ YasaBonga
0,971657.27677168,2033519.60022767,2979507.35187319,RDT1_SD+MaECT+MaECT_bc+CATT_4_Dilution+iELISA+ Kwamouth
0,279618.957234763,584511.455091926,856938.982292732,RDT1_SD+MaECT+MaECT_bc+CATT_4_Dilution+iELISA+ Mosango
0,850372.12291856,1787801.82798577,2628300.59578941,RDT1_SD+MaECT+QBC+CATT_4_Dilution+iELISA+ YasaBonga
0,655059.138574104,1375996.01912579,2021341.56469843,RDT1_SD+MaECT+QBC+CATT_4_Dilution+iELISA+ Kwamouth
0,195242.604072929,409689.011915142,602024.164756056,RDT1_SD+MaECT+QBC+CATT_4_Dilution+iELISA+ Mosango
0,729144.843194478,1531542.86255962,2250155.11933951,RDT1_SD+MaECT_bc+CATT_4_Dilution+iELISA+ YasaBonga
0,557235.424134591,1169109.35229669,1715980.76121831,RDT1_SD+MaECT_bc+CATT_4_Dilution+iELISA+ Kwamouth
0,164220.398781446,344177.038801199,505386.58467746,RDT1_SD+MaECT_bc+CATT_4_Dilution+iELISA+ Mosango
0,848980.668816891,1784987.42945055,2624275.66130238,RDT1_SD+MaECT_bc+QBC+CATT_4_Dilution+iELISA+ YasaBonga
0,654344.461810693,1374606.85857692,2019416.35994334,RDT1_SD+MaECT_bc+QBC+CATT_4_Dilution+iELISA+ Kwamouth
0,195179.947256215,409591.030597073,601909.994044343,RDT1_SD+MaECT_bc+QBC+CATT_4_Dilution+iELISA+ Mosango
0,492021.295140211,1035769.98376329,1524089.94015394,RDT1_SD+QBC+CATT_4_Dilution+iELISA+ YasaBonga
0,383324.733191411,806563.003374644,1186247.23560858,RDT1_SD+QBC+CATT_4_Dilution+iELISA+ Kwamouth
0,116061.741763623,243943.504620882,358825.938545539,RDT1_SD+QBC+CATT_4_Dilution+iELISA+ Mosango
0,463294.531768457,975093.091532871,1434598.95225812,RDT1_SD+CTC+CATT_8_Dilution+iELISA+ YasaBonga
0,360136.423532604,757558.386643401,1113949.54101555,RDT1_SD+CTC+CATT_8_Dilution+iELISA+ Kwamouth
0,108692.843481944,228383.679252666,335872.748620924,RDT1_SD+CTC+CATT_8_Dilution+iELISA+ Mosango
0,633431.228929278,1331326.10915519,1956831.95449266,RDT1_SD+CTC+MaECT+CATT_8_Dilution+iELISA+ YasaBonga
0,486643.543951894,1021835.72098398,1500672.99401786,RDT1_SD+CTC+MaECT+CATT_8_Dilution+iELISA+ Kwamouth
0,144492.992798888,303077.131073202,445253.033619108,RDT1_SD+CTC+MaECT+CATT_8_Dilution+iELISA+ Mosango
0,629910.585197117,1324190.17020298,1946610.99767273,RDT1_SD+CTC+MaECT_bc+CATT_8_Dilution+iELISA+ YasaBonga
0,484830.061983697,1018297.55557362,1495756.37418703,RDT1_SD+CTC+MaECT_bc+CATT_8_Dilution+iELISA+ Kwamouth
0,144334.067705787,302827.225759574,444960.777459143,RDT1_SD+CTC+MaECT_bc+CATT_8_Dilution+iELISA+ Mosango
0,497774.862860612,1048246.51641422,1542816.87394466,RDT1_SD+CTC+QBC+CATT_8_Dilution+iELISA+ YasaBonga
0,388944.137351168,818747.301950006,1204537.17171191,RDT1_SD+CTC+QBC+CATT_8_Dilution+iELISA+ Kwamouth
0,118233.571845621,248612.390209928,365785.573759412,RDT1_SD+CTC+QBC+CATT_8_Dilution+iELISA+ Mosango
0,708199.366158708,1485941.64046494,2181525.86483237,RDT1_SD+MaECT+CATT_8_Dilution+iELISA+ YasaBonga
0,535820.886641993,1122530.59855494,1645903.13848467,RDT1_SD+MaECT+CATT_8_Dilution+iELISA+ Kwamouth
0,155596.909243699,325590.720114139,477634.222603327,RDT1_SD+MaECT+CATT_8_Dilution+iELISA+ Mosango
0,1255787.76499587,2632262.03487336,3861791.28333705,RDT1_SD+MaECT+MaECT_bc+CATT_8_Dilution+iELISA+ YasaBonga
0,942261.023217769,1971366.18624424,2887785.36365011,RDT1_SD+MaECT+MaECT_bc+CATT_8_Dilution+iELISA+ Kwamouth
0,270298.286002604,564830.049995018,827907.607098938,RDT1_SD+MaECT+MaECT_bc+CATT_8_Dilution+iELISA+ Mosango
0,816073.970189096,1715120.85396069,2520868.99617123,RDT1_SD+MaECT+QBC+CATT_8_Dilution+iELISA+ YasaBonga
0,626764.654945713,1315982.01268733,1932582.07201656,RDT1_SD+MaECT+QBC+CATT_8_Dilution+iELISA+ Kwamouth
0,186018.416233185,390158.310205371,573168.271380992,RDT1_SD+MaECT+QBC+CATT_8_Dilution+iELISA+ Mosango
0,706346.252223564,1482127.58384444,2176004.61119207,RDT1_SD+MaECT_bc+CATT_8_Dilution+iELISA+ YasaBonga
0,534846.064759878,1120580.1957456,1643144.18904897,RDT1_SD+MaECT_bc+CATT_8_Dilution+iELISA+ Kwamouth
0,155511.414503285,325451.295291311,477467.395073089,RDT1_SD+MaECT_bc+CATT_8_Dilution+iELISA+ Mosango
0,814607.396374692,1712143.02476303,2516598.83152386,RDT1_SD+MaECT_bc+QBC+CATT_8_Dilution+iELISA+ YasaBonga
0,626007.295396592,1314500.58310937,1930519.81162418,RDT1_SD+MaECT_bc+QBC+CATT_8_Dilution+iELISA+ Kwamouth
0,185952.012978249,390053.52363566,573045.439991762,RDT1_SD+MaECT_bc+QBC+CATT_8_Dilution+iELISA+ Mosango
0,482592.44344416,1015483.23777706,1493794.81730103,RDT1_SD+QBC+CATT_8_Dilution+iELISA+ YasaBonga
0,374495.518402865,787543.391644704,1157817.14602414,RDT1_SD+QBC+CATT_8_Dilution+iELISA+ Kwamouth
0,112765.311147889,236880.728286798,348316.775563999,RDT1_SD+QBC+CATT_8_Dilution+iELISA+ Mosango
0,453932.563636215,955030.430125914,1404716.80963431,RDT1_SD+CTC+CATT_16_Dilution +iELISA+ YasaBonga
0,351506.500391998,739033.422976042,1086320.91979603,RDT1_SD+CTC+CATT_16_Dilution +iELISA+ Kwamouth
0,105508.780580653,221572.208924394,325745.074616201,RDT1_SD+CTC+CATT_16_Dilution +iELISA+ Mosango
0,620802.17765562,1304613.19139675,1917396.12706349,RDT1_SD+CTC+MaECT+CATT_16_Dilution +iELISA+ YasaBonga
0,476321.856494417,999986.39632385,1468400.78801341,RDT1_SD+CTC+MaECT+CATT_16_Dilution +iELISA+ Kwamouth
0,141161.403711405,296031.776465189,434850.613453103,RDT1_SD+CTC+MaECT+CATT_16_Dilution +iELISA+ Mosango
0,616678.938587332,1296241.84754955,1905390.9986677,RDT1_SD+CTC+MaECT_bc+CATT_16_Dilution +iELISA+ YasaBonga
0,474193.346241776,995820.993392075,1462599.8758721,RDT1_SD+CTC+MaECT_bc+CATT_16_Dilution +iELISA+ Kwamouth
0,140974.866239736,295737.147956062,434505.071307573,RDT1_SD+CTC+MaECT_bc+CATT_16_Dilution +iELISA+ Mosango
0,485134.690607034,1021494.49224339,1503307.86704217,RDT1_SD+CTC+QBC+CATT_16_Dilution +iELISA+ YasaBonga
0,378611.022615264,796861.280027078,1172199.50874738,RDT1_SD+CTC+QBC+CATT_16_Dilution +iELISA+ Kwamouth
0,114900.969883349,241563.947075286,355378.422124616,RDT1_SD+CTC+QBC+CATT_16_Dilution +iELISA+ Mosango
0,680348.223802635,1425900.08725914,2091746.19474877,RDT1_SD+MaECT+CATT_16_Dilution +iELISA+ YasaBonga
0,509251.238612638,1065196.37461132,1560098.62201148,RDT1_SD+MaECT+CATT_16_Dilution +iELISA+ Kwamouth
0,145499.502686377,303928.247515077,445375.155932451,RDT1_SD+MaECT+CATT_16_Dilution +iELISA+ Mosango
0,1213634.86526844,2543195.84388601,3730400.77794558,RDT1_SD+MaECT+MaECT_bc+CATT_16_Dilution +iELISA+ YasaBonga
0,908315.935250144,1899609.2644108,2781905.96607658,RDT1_SD+MaECT+MaECT_bc+CATT_16_Dilution +iELISA+ Kwamouth
0,259556.99509422,542153.355612043,794461.988163775,RDT1_SD+MaECT+MaECT_bc+CATT_16_Dilution +iELISA+ Mosango
0,776116.813539002,1630492.82023028,2395823.47419538,RDT1_SD+MaECT+QBC+CATT_16_Dilution +iELISA+ YasaBonga
0,593946.055319612,1246413.77048058,1829735.18925114,RDT1_SD+MaECT+QBC+CATT_16_Dilution +iELISA+ Kwamouth
0,175375.829224156,367635.951178556,539902.444847205,RDT1_SD+MaECT+QBC+CATT_16_Dilution +iELISA+ Mosango
0,678136.926895254,1421279.42458864,2084986.95625407,RDT1_SD+MaECT_bc+CATT_16_Dilution +iELISA+ YasaBonga
0,508063.678886526,1062761.56469916,1556596.82625211,RDT1_SD+MaECT_bc+CATT_16_Dilution +iELISA+ Kwamouth
0,145395.164958059,303752.028344045,445159.896534534,RDT1_SD+MaECT_bc+CATT_16_Dilution +iELISA+ Mosango
0,774571.127908753,1627343.49700905,2391295.88489479,RDT1_SD+MaECT_bc+QBC+CATT_16_Dilution +iELISA+ YasaBonga
0,593144.042252262,1244835.32732795,1827527.85636237,RDT1_SD+MaECT_bc+QBC+CATT_16_Dilution +iELISA+ Kwamouth
0,175305.49915101,367523.909212316,539770.345160771,RDT1_SD+MaECT_bc+QBC+CATT_16_Dilution +iELISA+ Mosango
0,471125.872008411,990897.124322463,1457163.64901479,RDT1_SD+QBC+CATT_16_Dilution +iELISA+ YasaBonga
0,364017.886989952,765044.272248439,1124257.29363068,RDT1_SD+QBC+CATT_16_Dilution +iELISA+ Kwamouth
0,108942.226803846,228705.938196561,336166.976703641,RDT1_SD+QBC+CATT_16_Dilution +iELISA+ Mosango
,684791.284556863,1441024.85339355,2119958.43990765,CATT_wb+CTC+CATT_4_Dilution+iELISA+ YasaBonga
,537006.533733861,1129962.26270211,1662147.56539929,CATT_wb+CTC+CATT_4_Dilution+iELISA+ Kwamouth
,164425.104698127,345866.623427567,509067.562237111,CATT_wb+CTC+CATT_4_Dilution+iELISA+ Mosango
,1057879.66769232,2206470.80263458,3226775.32372109,CATT_wb+CTC+MaECT+CATT_4_Dilution+iELISA+ YasaBonga
,796041.763043378,1658707.63821822,2424423.75806637,CATT_wb+CTC+MaECT+CATT_4_Dilution+iELISA+ Kwamouth
,232015.905053525,484752.337321289,711016.33819838,CATT_wb+CTC+MaECT+CATT_4_Dilution+iELISA+ Mosango
,1055148.12783276,2201202.34180819,3219495.2168126,CATT_wb+CTC+MaECT_bc+CATT_4_Dilution+iELISA+ YasaBonga
,794724.03481948,1656334.23214812,2421312.36698536,CATT_wb+CTC+MaECT_bc+CATT_4_Dilution+iELISA+ Kwamouth
,231901.45248971,484592.37999389,710841.772971295,CATT_wb+CTC+MaECT_bc+CATT_4_Dilution+iELISA+ Mosango
,779987.052417729,1637664.16027342,2405632.77442435,CATT_wb+CTC+QBC+CATT_4_Dilution+iELISA+ YasaBonga
,605376.228067606,1270768.08721649,1866366.2436803,CATT_wb+CTC+QBC+CATT_4_Dilution+iELISA+ Kwamouth
,183163.788594139,384666.806600342,565713.141376591,CATT_wb+CTC+QBC+CATT_4_Dilution+iELISA+ Mosango
,1106782.90507069,2322204.58639383,3409608.8210091,CATT_wb+MaECT+CATT_4_Dilution+iELISA+ YasaBonga
,856275.08195471,1796094.90262734,2636628.59926134,CATT_wb+MaECT+CATT_4_Dilution+iELISA+ Kwamouth
,258107.927651234,541784.025785688,796571.856707617,CATT_wb+MaECT+CATT_4_Dilution+iELISA+ Mosango
,2352641.85098828,4871783.80522832,7089721.76896199,CATT_wb+MaECT+MaECT_bc+CATT_4_Dilution+iELISA+ YasaBonga
,1710228.00041252,3533115.86422984,5134892.29458732,CATT_wb+MaECT+MaECT_bc+CATT_4_Dilution+iELISA+ Kwamouth
,476572.476303652,989248.630939282,1446109.98197958,CATT_wb+MaECT+MaECT_bc+CATT_4_Dilution+iELISA+ Mosango
,1423533.85549338,2974819.0012779,4356042.06885506,CATT_wb+MaECT+QBC+CATT_4_Dilution+iELISA+ YasaBonga
,1080901.08062345,2257185.95908137,3303899.39525321,CATT_wb+MaECT+QBC+CATT_4_Dilution+iELISA+ Kwamouth
,318578.946094938,666651.957664752,978608.619472787,CATT_wb+MaECT+QBC+CATT_4_Dilution+iELISA+ Mosango
,1105370.89940455,2319478.67585542,3405839.36322485,CATT_wb+MaECT_bc+CATT_4_Dilution+iELISA+ YasaBonga
,855593.093174952,1794864.97617104,2635014.61859367,CATT_wb+MaECT_bc+CATT_4_Dilution+iELISA+ Kwamouth
,258048.63080619,541701.007101739,796481.167535606,CATT_wb+MaECT_bc+CATT_4_Dilution+iELISA+ Mosango
,1420420.31294338,2968815.83862579,4347748.91292181,CATT_wb+MaECT_bc+QBC+CATT_4_Dilution+iELISA+ YasaBonga
,1079399.8600811,2254483.62062378,3300358.09304401,CATT_wb+MaECT_bc+QBC+CATT_4_Dilution+iELISA+ Kwamouth
,318448.501593678,666469.848369361,978409.975713831,CATT_wb+MaECT_bc+QBC+CATT_4_Dilution+iELISA+ Mosango
,720491.452259987,1515890.24985738,2229842.18531297,CATT_wb+QBC+CATT_4_Dilution+iELISA+ YasaBonga
,564562.438832679,1187730.25054332,1746919.05023789,CATT_wb+QBC+CATT_4_Dilution+iELISA+ Kwamouth
,172709.017624525,363248.558739127,534618.993102357,CATT_wb+QBC+CATT_4_Dilution+iELISA+ Mosango
,667138.843373233,1403086.80077339,2063367.5371747,CATT_wb+CTC+CATT_8_Dilution+iELISA+ YasaBonga
,521752.390827663,1097196.58815139,1613310.70293218,CATT_wb+CTC+CATT_8_Dilution+iELISA+ Kwamouth
,159253.627789759,334850.521928037,492748.106997558,CATT_wb+CTC+CATT_8_Dilution+iELISA+ Mosango
,1064075.59673398,2214520.27024739,3233722.75429671,CATT_wb+CTC+MaECT+CATT_8_Dilution+iELISA+ YasaBonga
,792290.219338961,1646654.58572235,2402735.99553219,CATT_wb+CTC+MaECT+CATT_8_Dilution+iELISA+ Kwamouth
,227845.211126256,475135.226072664,696224.610044095,CATT_wb+CTC+MaECT+CATT_8_Dilution+iELISA+ Mosango
,1060775.52621287,2208113.16150021,3224826.16504884,CATT_wb+CTC+MaECT_bc+CATT_8_Dilution+iELISA+ YasaBonga
,790684.876758023,1643734.58704127,2398880.90488965,CATT_wb+CTC+MaECT_bc+CATT_8_Dilution+iELISA+ Kwamouth
,227705.41100536,474937.061050932,696006.789081505,CATT_wb+CTC+MaECT_bc+CATT_8_Dilution+iELISA+ Mosango
,766975.87729685,1608650.06241849,2361345.4222362,CATT_wb+CTC+QBC+CATT_8_Dilution+iELISA+ YasaBonga
,592353.995029522,1242004.67571385,1822759.74877214,CATT_wb+CTC+QBC+CATT_8_Dilution+iELISA+ Kwamouth
,178187.351308414,373922.549535836,549690.679924153,CATT_wb+CTC+QBC+CATT_8_Dilution+iELISA+ Mosango
,1052233.2593911,2204478.72505152,3233534.44036743,CATT_wb+MaECT+CATT_8_Dilution+iELISA+ YasaBonga
,808377.215086975,1692851.76833254,2482417.91255027,CATT_wb+MaECT+CATT_8_Dilution+iELISA+ Kwamouth
,241638.424061497,506639.155364732,744463.7821601,CATT_wb+MaECT+CATT_8_Dilution+iELISA+ Mosango
,2384584.41444206,4920717.83021059,7143784.66265342,CATT_wb+MaECT+MaECT_bc+CATT_8_Dilution+iELISA+ YasaBonga
,1704005.46038853,3504834.96257678,5078857.70515728,CATT_wb+MaECT+MaECT_bc+CATT_8_Dilution+iELISA+ Kwamouth
,463727.724583634,959161.870935812,1399520.26339699,CATT_wb+MaECT+MaECT_bc+CATT_8_Dilution+iELISA+ Mosango
,1386249.56257824,2890330.98270745,4225834.89267337,CATT_wb+MaECT+QBC+CATT_8_Dilution+iELISA+ YasaBonga
,1041317.39684857,2168879.82585577,3169235.00680512,CATT_wb+MaECT+QBC+CATT_8_Dilution+iELISA+ Kwamouth
,302835.669367381,632521.457126244,927609.608934012,CATT_wb+MaECT+QBC+CATT_8_Dilution+iELISA+ Mosango
,1050509.43840579,2201102.87927982,3228818.01597716,CATT_wb+MaECT_bc+CATT_8_Dilution+iELISA+ YasaBonga
,807529.627155952,1691290.86166776,2480339.15953784,CATT_wb+MaECT_bc+CATT_8_Dilution+iELISA+ Kwamouth
,241564.487059284,506532.403806654,744345.383436661,CATT_wb+MaECT_bc+CATT_8_Dilution+iELISA+ Mosango
,1382504.39656367,2883085.98503823,4215801.59150315,CATT_wb+MaECT_bc+QBC+CATT_8_Dilution+iELISA+ YasaBonga
,1039504.0802519,2165599.48692541,3164920.71248739,CATT_wb+MaECT_bc+QBC+CATT_8_Dilution+iELISA+ Kwamouth
,302677.944041533,632299.615136563,927366.711391029,CATT_wb+MaECT_bc+QBC+CATT_8_Dilution+iELISA+ Mosango
,699136.390926659,1470019.8608936,2161444.66104954,CATT_wb+QBC+CATT_8_Dilution+iELISA+ YasaBonga
,546189.761897007,1148290.33604358,1688159.90339438,CATT_wb+QBC+CATT_8_Dilution+iELISA+ Kwamouth
,166510.67767096,350051.160493593,515073.666487913,CATT_wb+QBC+CATT_8_Dilution+iELISA+ Mosango
,646317.183437353,1358457.26186517,1996909.47046846,CATT_wb+CTC+CATT_16_Dilution +iELISA+ YasaBonga
,503951.830976423,1059050.05415558,1556535.56915004,CATT_wb+CTC+CATT_16_Dilution +iELISA+ Kwamouth
,153278.184042167,322137.541909535,473926.127769021,CATT_wb+CTC+CATT_16_Dilution +iELISA+ Mosango
,1067613.53862967,2216873.11306429,3232186.51904045,CATT_wb+CTC+MaECT+CATT_16_Dilution +iELISA+ YasaBonga
,786241.681307439,1629675.60909759,2373711.50060542,CATT_wb+CTC+MaECT+CATT_16_Dilution +iELISA+ Kwamouth
,222892.392697053,463852.516439302,678964.993356053,CATT_wb+CTC+MaECT+CATT_16_Dilution +iELISA+ Mosango
,1063723.11967204,2209269.14890714,3221577.36821838,CATT_wb+CTC+MaECT_bc+CATT_16_Dilution +iELISA+ YasaBonga
,784333.348079597,1626171.4220422,2369053.58063188,CATT_wb+CTC+MaECT_bc+CATT_16_Dilution +iELISA+ Kwamouth
,222726.08122322,463613.363495459,678700.279159504,CATT_wb+CTC+MaECT_bc+CATT_16_Dilution +iELISA+ Mosango
,750889.12197472,1573116.7588639,2307420.55869234,CATT_wb+CTC+QBC+CATT_16_Dilution +iELISA+ YasaBonga
,576828.069580202,1207931.72887332,1771302.93806188,CATT_wb+CTC+QBC+CATT_16_Dilution +iELISA+ Kwamouth
,172410.801221014,361486.392165775,531170.991168349,CATT_wb+CTC+QBC+CATT_16_Dilution +iELISA+ Mosango
,987569.407029341,2065370.84560326,3025905.76863313,CATT_wb+MaECT+CATT_16_Dilution +iELISA+ YasaBonga
,752337.268147378,1572386.36610724,2302785.13692576,CATT_wb+MaECT+CATT_16_Dilution +iELISA+ Kwamouth
,222596.809683301,466063.521706568,684345.936271155,CATT_wb+MaECT+CATT_16_Dilution +iELISA+ Mosango
,2408239.23821186,4951776.63624973,7171124.2595194,CATT_wb+MaECT+MaECT_bc+CATT_16_Dilution +iELISA+ YasaBonga
,1690518.57108578,3460900.71239633,4999449.69939065,CATT_wb+MaECT+MaECT_bc+CATT_16_Dilution +iELISA+ Kwamouth
,448387.514475001,923751.116611299,1345037.37398496,CATT_wb+MaECT+MaECT_bc+CATT_16_Dilution +iELISA+ Mosango
,1339208.98610191,2785135.92553403,4064990.95910247,CATT_wb+MaECT+QBC+CATT_16_Dilution +iELISA+ YasaBonga
,993760.452961205,2063645.09289972,3009524.42177396,CATT_wb+MaECT+QBC+CATT_16_Dilution +iELISA+ Kwamouth
,284535.308364622,592980.741837634,868623.320752815,CATT_wb+MaECT+QBC+CATT_16_Dilution +iELISA+ Mosango
,985515.04522755,2061290.04648782,3020146.89941767,CATT_wb+MaECT_bc+CATT_16_Dilution +iELISA+ YasaBonga
,751308.583083994,1570454.09966153,2300176.76423961,CATT_wb+MaECT_bc+CATT_16_Dilution +iELISA+ Kwamouth
,222506.721590636,465929.68613551,684195.446692844,CATT_wb+MaECT_bc+CATT_16_Dilution +iELISA+ Mosango
,1334813.32038297,2776602.66904968,4053143.25495121,CATT_wb+MaECT_bc+QBC+CATT_16_Dilution +iELISA+ YasaBonga
,991622.719173405,2059757.95960375,3004393.38529354,CATT_wb+MaECT_bc+QBC+CATT_16_Dilution +iELISA+ Kwamouth
,284349.274359158,592717.099824181,868333.54974281,CATT_wb+MaECT_bc+QBC+CATT_16_Dilution +iELISA+ Mosango
,673977.999714063,1416111.09334884,2081186.72719721,CATT_wb+QBC+CATT_16_Dilution +iELISA+ YasaBonga
,524761.687421778,1102389.77779085,1619866.36206325,CATT_wb+QBC+CATT_16_Dilution +iELISA+ Kwamouth
,159349.637610745,334821.67922033,492531.740002246,CATT_wb+QBC+CATT_16_Dilution +iELISA+ Mosango
,496276.45738726,1043175.81546868,1533535.69789352,RDT1_SD+CTC+CATT_4_Dilution+iELISA+ YasaBonga
,387229.181089062,813850.040148523,1196250.7250245,RDT1_SD+CTC+CATT_4_Dilution+iELISA+ Kwamouth
,117887.349426418,247783.781097321,364560.273697131,RDT1_SD+CTC+CATT_4_Dilution+iELISA+ Mosango
,756808.759805188,1570715.55955695,2289332.19074204,RDT1_SD+CTC+MaECT+CATT_4_Dilution+iELISA+ YasaBonga
,556332.926155931,1152513.68220944,1678124.57199892,RDT1_SD+CTC+MaECT+CATT_4_Dilution+iELISA+ Kwamouth
,157375.720919799,327391.696329918,479140.313708973,RDT1_SD+CTC+MaECT+CATT_4_Dilution+iELISA+ Mosango
,754054.523953244,1565405.20728606,2281995.97981328,RDT1_SD+CTC+MaECT_bc+CATT_4_Dilution+iELISA+ YasaBonga
,555004.981102254,1150123.38298257,1674992.56746864,RDT1_SD+CTC+MaECT_bc+CATT_4_Dilution+iELISA+ Kwamouth
,157260.350170338,327230.619057951,478964.617894911,RDT1_SD+CTC+MaECT_bc+CATT_4_Dilution+iELISA+ Mosango
,559432.087350342,1172117.66312049,1719349.00361577,RDT1_SD+CTC+QBC+CATT_4_Dilution+iELISA+ YasaBonga
,430029.639640112,900630.12307256,1320788.61410624,RDT1_SD+CTC+QBC+CATT_4_Dilution+iELISA+ Kwamouth
,128645.03455024,269752.25840036,396399.756673562,RDT1_SD+CTC+QBC+CATT_4_Dilution+iELISA+ Mosango
,752619.281225634,1574514.86851431,2307285.17147159,RDT1_SD+MaECT+CATT_4_Dilution+iELISA+ YasaBonga
,574498.759411497,1201195.26880403,1759661.38676903,RDT1_SD+MaECT+CATT_4_Dilution+iELISA+ Kwamouth
,170426.743214518,356949.970122552,524225.313343358,RDT1_SD+MaECT+CATT_4_Dilution+iELISA+ Mosango
,1638729.59574824,3363585.09239205,4865185.80371627,RDT1_SD+MaECT+MaECT_bc+CATT_4_Dilution+iELISA+ YasaBonga
,1140865.7628288,2330281.23094795,3361041.68617694,RDT1_SD+MaECT+MaECT_bc+CATT_4_Dilution+iELISA+ Kwamouth
,298980.904081854,614747.80563249,894206.866224196,RDT1_SD+MaECT+MaECT_bc+CATT_4_Dilution+iELISA+ Mosango
,966942.913648786,2010682.36476638,2934409.18334577,RDT1_SD+MaECT+QBC+CATT_4_Dilution+iELISA+ YasaBonga
,717349.165583093,1489480.80243661,2172048.55788545,RDT1_SD+MaECT+QBC+CATT_4_Dilution+iELISA+ Kwamouth
,205362.625737046,427961.677323925,626888.118922309,RDT1_SD+MaECT+QBC+CATT_4_Dilution+iELISA+ Mosango
,751195.544041122,1571767.50654351,2303487.06609881,RDT1_SD+MaECT_bc+CATT_4_Dilution+iELISA+ YasaBonga
,573811.534831428,1199956.35431145,1758036.18277482,RDT1_SD+MaECT_bc+CATT_4_Dilution+iELISA+ Kwamouth
,170366.986404839,356866.375892719,524134.033529652,RDT1_SD+MaECT_bc+CATT_4_Dilution+iELISA+ Mosango
,963803.318084976,2004632.25295435,2926053.86435971,RDT1_SD+MaECT_bc+QBC+CATT_4_Dilution+iELISA+ YasaBonga
,715836.015904306,1486758.94956364,2168483.52390952,RDT1_SD+MaECT_bc+QBC+CATT_4_Dilution+iELISA+ Kwamouth
,205231.232728947,427778.387585478,626688.279497625,RDT1_SD+MaECT_bc+QBC+CATT_4_Dilution+iELISA+ Mosango
,517165.259938747,1086765.01033423,1597301.64060428,RDT1_SD+QBC+CATT_4_Dilution+iELISA+ YasaBonga
,402988.117736538,846705.730976124,1244292.21096358,RDT1_SD+QBC+CATT_4_Dilution+iELISA+ Kwamouth
,122495.895660785,257416.737151483,378692.929854864,RDT1_SD+QBC+CATT_4_Dilution+iELISA+ Mosango
,488343.566173699,1025749.43032094,1507177.94906746,RDT1_SD+CTC+CATT_8_Dilution+iELISA+ YasaBonga
,379700.504755735,797389.413369983,1171445.22204083,RDT1_SD+CTC+CATT_8_Dilution+iELISA+ Kwamouth
,115117.955235593,241830.560638429,355700.376040226,RDT1_SD+CTC+CATT_8_Dilution+iELISA+ Mosango
,772916.497705795,1599626.98573137,2326976.35066298,RDT1_SD+CTC+MaECT+CATT_8_Dilution+iELISA+ YasaBonga
,560392.392793771,1156905.60478433,1680638.63399536,RDT1_SD+CTC+MaECT+CATT_8_Dilution+iELISA+ Kwamouth
,155613.791997136,322844.957257954,471814.96237488,RDT1_SD+CTC+MaECT+CATT_8_Dilution+iELISA+ Mosango
,769589.539034471,1593170.77246182,2318015.39894071,RDT1_SD+CTC+MaECT_bc+CATT_8_Dilution+iELISA+ YasaBonga
,558775.274058098,1153966.84232543,1676760.51529597,RDT1_SD+CTC+MaECT_bc+CATT_8_Dilution+iELISA+ Kwamouth
,155473.054988975,322645.647750061,471595.98509931,RDT1_SD+CTC+MaECT_bc+CATT_8_Dilution+iELISA+ Mosango
,556175.170703813,1163677.35508753,1705375.87914701,RDT1_SD+CTC+QBC+CATT_8_Dilution+iELISA+ YasaBonga
,424747.323657641,888194.192660992,1301239.54225477,RDT1_SD+CTC+QBC+CATT_8_Dilution+iELISA+ Kwamouth
,126071.322248574,264070.953050154,387836.147526329,RDT1_SD+CTC+QBC+CATT_8_Dilution+iELISA+ Mosango
,729187.52206436,1522453.47123962,2227991.79323443,RDT1_SD+MaECT+CATT_8_Dilution+iELISA+ YasaBonga
,551329.12761881,1150138.5931182,1682362.94504028,RDT1_SD+MaECT+CATT_8_Dilution+iELISA+ Kwamouth
,161644.427660121,338006.82942382,495988.24532375,RDT1_SD+MaECT+CATT_8_Dilution+iELISA+ Mosango
,1702491.20884849,3479463.64259849,5017726.37990401,RDT1_SD+MaECT+MaECT_bc+CATT_8_Dilution+iELISA+ YasaBonga
,1159685.51905627,2354700.63353131,3382546.1218375,RDT1_SD+MaECT+MaECT_bc+CATT_8_Dilution+iELISA+ Kwamouth
,293848.189229282,600891.148110391,871514.528311251,RDT1_SD+MaECT+MaECT_bc+CATT_8_Dilution+iELISA+ Mosango
,960907.719036526,1992095.76939261,2901294.05009229,RDT1_SD+MaECT+QBC+CATT_8_Dilution+iELISA+ YasaBonga
,702549.073062408,1453448.806318,2114399.79305737,RDT1_SD+MaECT+QBC+CATT_8_Dilution+iELISA+ Kwamouth
,197309.488876086,410034.282539737,599759.050195373,RDT1_SD+MaECT+QBC+CATT_8_Dilution+iELISA+ Mosango
,727449.369257017,1519050.59340706,2223238.90908353,RDT1_SD+MaECT_bc+CATT_8_Dilution+iELISA+ YasaBonga
,550474.733336397,1148566.03239987,1680269.48650559,RDT1_SD+MaECT_bc+CATT_8_Dilution+iELISA+ Kwamouth
,161569.882533862,337899.31101331,495869.047650081,RDT1_SD+MaECT_bc+CATT_8_Dilution+iELISA+ Mosango
,957131.643250801,1984794.36992174,2891185.96698949,RDT1_SD+MaECT_bc+QBC+CATT_8_Dilution+iELISA+ YasaBonga
,700721.999001521,1450145.1484835,2110056.81100146,RDT1_SD+MaECT_bc+QBC+CATT_8_Dilution+iELISA+ Kwamouth
,197150.546182298,409810.943067721,599514.635716538,RDT1_SD+MaECT_bc+QBC+CATT_8_Dilution+iELISA+ Mosango
,507437.55156924,1065432.69218319,1565072.22590544,RDT1_SD+QBC+CATT_8_Dilution+iELISA+ YasaBonga
,393857.960292687,826772.870756097,1214283.96706935,RDT1_SD+QBC+CATT_8_Dilution+iELISA+ Kwamouth
,119171.545122156,250276.907828221,368072.763544123,RDT1_SD+QBC+CATT_8_Dilution+iELISA+ Mosango
,478709.531969906,1004730.27694085,1475521.16746169,RDT1_SD+CTC+CATT_16_Dilution +iELISA+ YasaBonga
,370793.703094272,778014.200689125,1142336.76586045,RDT1_SD+CTC+CATT_16_Dilution +iELISA+ Kwamouth
,111908.366001382,234947.286569443,345467.87174688,RDT1_SD+CTC+CATT_16_Dilution +iELISA+ Mosango
,787838.791491238,1625949.24416522,2360716.76551562,RDT1_SD+CTC+MaECT+CATT_16_Dilution +iELISA+ YasaBonga
,563324.857121422,1158841.56372273,1679455.49634547,RDT1_SD+CTC+MaECT+CATT_16_Dilution +iELISA+ Kwamouth
,153433.755545999,317399.635093829,463151.725393971,RDT1_SD+CTC+MaECT+CATT_16_Dilution +iELISA+ Mosango
,783916.927987374,1618288.33834136,2350032.1922234,RDT1_SD+CTC+MaECT_bc+CATT_16_Dilution +iELISA+ YasaBonga
,561402.868516799,1155314.71493552,1674770.56452025,RDT1_SD+CTC+MaECT_bc+CATT_16_Dilution +iELISA+ Kwamouth
,153266.086267053,317158.879877157,462885.410825886,RDT1_SD+CTC+MaECT_bc+CATT_16_Dilution +iELISA+ Mosango
,551311.556867915,1151818.48533285,1686336.13704756,RDT1_SD+CTC+QBC+CATT_16_Dilution +iELISA+ YasaBonga
,418129.83280005,872915.775503688,1277476.55302452,RDT1_SD+CTC+QBC+CATT_16_Dilution +iELISA+ Kwamouth
,123061.250864704,257464.473683221,377905.03504603,RDT1_SD+CTC+QBC+CATT_16_Dilution +iELISA+ Mosango
,700340.339745604,1458928.36308575,2131766.06286285,RDT1_SD+MaECT+CATT_16_Dilution +iELISA+ YasaBonga
,523756.166664651,1089753.10169811,1591278.26034092,RDT1_SD+MaECT+CATT_16_Dilution +iELISA+ Kwamouth
,151454.07099951,316086.849994951,463357.26227572,RDT1_SD+MaECT+CATT_16_Dilution +iELISA+ Mosango
,1762677.8486817,3587414.54035788,5158203.14280678,RDT1_SD+MaECT+MaECT_bc+CATT_16_Dilution +iELISA+ YasaBonga
,1174985.10344151,2371372.4461333,3392327.17880605,RDT1_SD+MaECT+MaECT_bc+CATT_16_Dilution +iELISA+ Kwamouth
,287384.660383936,584164.745871497,844544.89565196,RDT1_SD+MaECT+MaECT_bc+CATT_16_Dilution +iELISA+ Mosango
,949817.335753397,1962724.87452477,2852169.97632199,RDT1_SD+MaECT+QBC+CATT_16_Dilution +iELISA+ YasaBonga
,683515.477698786,1408383.48462132,2043342.58400749,RDT1_SD+MaECT+QBC+CATT_16_Dilution +iELISA+ Kwamouth
,187863.111759639,389150.020245762,568257.634717439,RDT1_SD+MaECT+QBC+CATT_16_Dilution +iELISA+ Mosango
,698269.269332983,1454816.55359623,2125965.31706587,RDT1_SD+MaECT_bc+CATT_16_Dilution +iELISA+ YasaBonga
,522720.026886777,1087808.24212433,1588654.15070437,RDT1_SD+MaECT_bc+CATT_16_Dilution +iELISA+ Kwamouth
,151363.31179511,315952.172805845,463205.927992114,RDT1_SD+MaECT_bc+CATT_16_Dilution +iELISA+ Mosango
,945385.497806678,1954126.49079535,2840235.57419982,RDT1_SD+MaECT_bc+QBC+CATT_16_Dilution +iELISA+ YasaBonga
,681361.797675934,1404469.29916246,2038178.0816884,RDT1_SD+MaECT_bc+QBC+CATT_16_Dilution +iELISA+ Kwamouth
,187675.694995881,388884.6847325,567966.175939249,RDT1_SD+MaECT_bc+QBC+CATT_16_Dilution +iELISA+ Mosango
,495663.267970372,1039770.27873557,1526449.33323413,RDT1_SD+QBC+CATT_16_Dilution +iELISA+ YasaBonga
,383070.30621818,803330.706131694,1179091.9755273,RDT1_SD+QBC+CATT_16_Dilution +iELISA+ Kwamouth
,115319.742682327,242022.529469919,355807.987485413,RDT1_SD+QBC+CATT_16_Dilution +iELISA+ Mosango
