,Cost2030,Cost2040,Cost2050,name
0,618252.194617347,1300625.58671123,1913039.87900617,CATT_wb+CTC+CATT_4_Dilution+ YasaBonga
0,484195.340115909,1018518.27867031,1497913.98734825,CATT_wb+CTC+CATT_4_Dilution+ Kwamouth
0,148027.464470221,311309.05377654,458154.289096771,CATT_wb+CTC+CATT_4_Dilution+ Mosango
0,903252.510614395,1896296.57554299,2785379.19477055,CATT_wb+CTC+MaECT+CATT_4_Dilution+ YasaBonga
0,700807.816361785,1470937.33905678,2160210.5264677,CATT_wb+CTC+MaECT+CATT_4_Dilution+ Kwamouth
0,211939.369007306,445066.543782241,654515.841967454,CATT_wb+CTC+MaECT+CATT_4_Dilution+ Mosango
0,900582.046136692,1891146.94828281,2778264.05746513,CATT_wb+CTC+MaECT_bc+CATT_4_Dilution+ YasaBonga
0,699517.948614754,1468614.63764047,2157165.91244614,CATT_wb+CTC+MaECT_bc+CATT_4_Dilution+ Kwamouth
0,211827.006560259,444909.521942729,654344.476536526,CATT_wb+CTC+MaECT_bc+CATT_4_Dilution+ Mosango
0,688682.134145715,1449534.91875871,2132795.59063547,CATT_wb+CTC+QBC+CATT_4_Dilution+ YasaBonga
0,540634.610148743,1137862.37471517,1674023.12092189,CATT_wb+CTC+QBC+CATT_4_Dilution+ Kwamouth
0,165733.289372993,348671.906602622,513236.839864612,CATT_wb+CTC+QBC+CATT_4_Dilution+ Mosango
0,893620.763184824,1872456.96317612,2746807.36428583,CATT_wb+MaECT+CATT_4_Dilution+ YasaBonga
0,687166.126227797,1439262.13368307,2110795.7490986,CATT_wb+MaECT+CATT_4_Dilution+ Kwamouth
0,205626.537884769,431186.947593776,633635.349911735,CATT_wb+MaECT+CATT_4_Dilution+ Mosango
0,1812504.23792447,3791862.68297847,5556598.86292625,CATT_wb+MaECT+MaECT_bc+CATT_4_Dilution+ YasaBonga
0,1383644.44453741,2892968.37931537,4237954.21133284,CATT_wb+MaECT+MaECT_bc+CATT_4_Dilution+ Kwamouth
0,410432.284093845,859610.727406394,1262426.68616016,CATT_wb+MaECT+MaECT_bc+CATT_4_Dilution+ Mosango
0,1118377.83450681,2347787.77189826,3448410.90173549,CATT_wb+MaECT+QBC+CATT_4_Dilution+ YasaBonga
0,867476.899340322,1820641.1226181,2673669.23468879,CATT_wb+MaECT+QBC+CATT_4_Dilution+ Kwamouth
0,262259.178499956,550712.333512582,809860.61238453,CATT_wb+MaECT+QBC+CATT_4_Dilution+ Mosango
0,892234.424625202,1869772.13564464,2743086.47040676,CATT_wb+MaECT_bc+CATT_4_Dilution+ YasaBonga
0,686492.996418389,1438042.3970438,2109189.81242799,CATT_wb+MaECT_bc+CATT_4_Dilution+ Kwamouth
0,205567.813424526,431104.135638952,633544.558529084,CATT_wb+MaECT_bc+CATT_4_Dilution+ Mosango
0,1117086.79334291,2345297.41589984,3444969.23436338,CATT_wb+MaECT_bc+QBC+CATT_4_Dilution+ YasaBonga
0,866853.080266126,1819517.42590245,2672195.83588149,CATT_wb+MaECT_bc+QBC+CATT_4_Dilution+ Kwamouth
0,262204.852317828,550636.359140873,809777.671969531,CATT_wb+MaECT_bc+QBC+CATT_4_Dilution+ Mosango
0,640898.882753866,1347939.76686406,1982311.3064961,CATT_wb+QBC+CATT_4_Dilution+ YasaBonga
0,501381.960154601,1054399.46702133,1550426.60913039,CATT_wb+QBC+CATT_4_Dilution+ Kwamouth
0,153089.888591902,321901.121192921,473701.964854141,CATT_wb+QBC+CATT_4_Dilution+ Mosango
0,618321.340797404,1300859.36530033,1913464.56315005,CATT_wb+CTC+CATT_8_Dilution+ YasaBonga
0,484260.57557221,1018703.49887944,1498221.34420289,CATT_wb+CTC+CATT_8_Dilution+ Kwamouth
0,148033.747698409,311324.647123311,458175.138205818,CATT_wb+CTC+CATT_8_Dilution+ Mosango
0,903292.804955331,1896432.85927426,2785626.66080769,CATT_wb+CTC+MaECT+CATT_8_Dilution+ YasaBonga
0,700845.839863869,1471044.90716686,2160388.69395084,CATT_wb+CTC+MaECT+CATT_8_Dilution+ Kwamouth
0,211943.033668015,445075.59272217,654527.899979862,CATT_wb+CTC+MaECT+CATT_8_Dilution+ Mosango
0,900597.12000623,1891197.72077461,2778356.2926651,CATT_wb+CTC+MaECT_bc+CATT_8_Dilution+ YasaBonga
0,699532.102432416,1468654.75517523,2157232.26659591,CATT_wb+CTC+MaECT_bc+CATT_8_Dilution+ Kwamouth
0,211828.393473104,444912.9133142,654348.987483885,CATT_wb+CTC+MaECT_bc+CATT_8_Dilution+ Mosango
0,688696.49361758,1449583.48543978,2132883.77874118,CATT_wb+CTC+QBC+CATT_8_Dilution+ YasaBonga
0,540648.160374302,1137900.70816882,1674086.61348442,CATT_wb+CTC+QBC+CATT_8_Dilution+ Kwamouth
0,165734.595327901,348675.131323396,513241.136911937,CATT_wb+CTC+QBC+CATT_8_Dilution+ Mosango
0,893746.071780241,1872879.92585017,2747575.21516024,CATT_wb+MaECT+CATT_8_Dilution+ YasaBonga
0,687284.162120864,1439596.32304779,2111349.61422875,CATT_wb+MaECT+CATT_8_Dilution+ Kwamouth
0,205637.888062848,431215.045154802,633672.842989387,CATT_wb+MaECT+CATT_8_Dilution+ Mosango
0,1812532.65425809,3791958.80179385,5556772.70833305,CATT_wb+MaECT+MaECT_bc+CATT_8_Dilution+ YasaBonga
0,1383670.91715084,2893043.2581515,4238078.32614421,CATT_wb+MaECT+MaECT_bc+CATT_8_Dilution+ Kwamouth
0,410434.756479533,859616.986820199,1262435.05251653,CATT_wb+MaECT+MaECT_bc+CATT_8_Dilution+ Mosango
0,1118403.92711321,2347875.91736548,3448570.69932621,CATT_wb+MaECT+QBC+CATT_8_Dilution+ YasaBonga
0,867501.451298127,1820710.58195899,2673784.08324481,CATT_wb+MaECT+QBC+CATT_8_Dilution+ Kwamouth
0,262261.533064219,550718.160157879,809868.382552323,CATT_wb+MaECT+QBC+CATT_8_Dilution+ Mosango
0,892282.796922665,1869935.35731349,2743382.56895185,CATT_wb+MaECT_bc+CATT_8_Dilution+ YasaBonga
0,686538.377767774,1438170.82414503,2109402.58829973,CATT_wb+MaECT_bc+CATT_8_Dilution+ Kwamouth
0,205572.191186324,431114.946958603,633558.963917582,CATT_wb+MaECT_bc+CATT_8_Dilution+ Mosango
0,1117096.86702464,2345331.49032928,3445030.86311967,CATT_wb+MaECT_bc+QBC+CATT_8_Dilution+ YasaBonga
0,866862.464892798,1819543.97069088,2672239.83498163,CATT_wb+MaECT_bc+QBC+CATT_8_Dilution+ Kwamouth
0,262205.728786512,550638.578123215,809780.637869795,CATT_wb+MaECT_bc+QBC+CATT_8_Dilution+ Mosango
0,640938.988519136,1348075.13859708,1982557.06175997,CATT_wb+QBC+CATT_8_Dilution+ YasaBonga
0,501419.738247995,1054506.42632586,1550603.87697723,CATT_wb+QBC+CATT_8_Dilution+ Kwamouth
0,153093.521284267,321910.113985342,473713.96473784,CATT_wb+QBC+CATT_8_Dilution+ Mosango
0,618392.530536387,1301100.73307482,1913903.78238059,CATT_wb+CTC+CATT_16_Dilution + YasaBonga
0,484328.1437899,1018896.61510729,1498543.06291382,CATT_wb+CTC+CATT_16_Dilution + Kwamouth
0,148040.229157963,311340.910289585,458197.037034445,CATT_wb+CTC+CATT_16_Dilution + Mosango
0,903334.128664596,1896572.51810052,2785880.20930603,CATT_wb+CTC+MaECT+CATT_16_Dilution + YasaBonga
0,700884.769474227,1471155.1939683,2160571.48821689,CATT_wb+CTC+MaECT+CATT_16_Dilution + Kwamouth
0,211946.773017025,445084.865391956,654540.282123047,CATT_wb+CTC+MaECT+CATT_16_Dilution + Mosango
0,900612.539217336,1891249.80651904,2778450.69542901,CATT_wb+CTC+MaECT_bc+CATT_16_Dilution + YasaBonga
0,699546.572178668,1468695.54983547,2157299.93007671,CATT_wb+CTC+MaECT_bc+CATT_16_Dilution + Kwamouth
0,211829.786049111,444916.356452486,654353.576754638,CATT_wb+CTC+MaECT_bc+CATT_16_Dilution + Mosango
0,688711.219919755,1449633.25488481,2132974.13442002,CATT_wb+CTC+QBC+CATT_16_Dilution + YasaBonga
0,540662.033504664,1137940.01046749,1674151.75486804,CATT_wb+CTC+QBC+CATT_16_Dilution + Kwamouth
0,165735.927899068,348678.435773545,513245.549467957,CATT_wb+CTC+QBC+CATT_16_Dilution + Mosango
0,893874.391591584,1873314.2395777,2748364.3449289,CATT_wb+MaECT+CATT_16_Dilution + YasaBonga
0,687405.375660694,1439940.89959173,2111922.00267638,CATT_wb+MaECT+CATT_16_Dilution + Kwamouth
0,205649.537940688,431244.054286073,633711.696018465,CATT_wb+MaECT+CATT_16_Dilution + Mosango
0,1812561.91295797,3792056.38706652,5556950.10402985,CATT_wb+MaECT+MaECT_bc+CATT_16_Dilution + YasaBonga
0,1383698.21538887,2893120.77998308,4238206.40572081,CATT_wb+MaECT+MaECT_bc+CATT_16_Dilution + Kwamouth
0,410437.442243662,859623.526068517,1262443.74984795,CATT_wb+MaECT+MaECT_bc+CATT_16_Dilution + Mosango
0,1118430.61885299,2347965.86857144,3448734.18824905,CATT_wb+MaECT+QBC+CATT_16_Dilution + YasaBonga
0,867526.482844987,1820781.59726851,2673901.86319936,CATT_wb+MaECT+QBC+CATT_16_Dilution + Kwamouth
0,262263.972076796,550724.161893554,809876.375935726,CATT_wb+MaECT+QBC+CATT_16_Dilution + Mosango
0,892331.991585781,1870101.93586431,2743684.88633409,CATT_wb+MaECT_bc+CATT_16_Dilution + YasaBonga
0,686584.861356291,1438302.68731537,2109621.00458754,CATT_wb+MaECT_bc+CATT_16_Dilution + Kwamouth
0,205576.691188035,431126.050982457,633573.774387486,CATT_wb+MaECT_bc+CATT_16_Dilution + Mosango
0,1117107.23932793,2345366.08462255,3445093.7504652,CATT_wb+MaECT_bc+QBC+CATT_16_Dilution + YasaBonga
0,866872.14220605,1819571.45242971,2672285.23960381,CATT_wb+MaECT_bc+QBC+CATT_16_Dilution + Kwamouth
0,262206.680898541,550640.896307792,809783.721101777,CATT_wb+MaECT_bc+QBC+CATT_16_Dilution + Mosango
0,640980.058042069,1348214.14330264,1982809.62746118,CATT_wb+QBC+CATT_16_Dilution + YasaBonga
0,501458.533366237,1054616.71010921,1550787.0733226,CATT_wb+QBC+CATT_16_Dilution + Kwamouth
0,153097.249897332,321919.398531271,473726.399882126,CATT_wb+QBC+CATT_16_Dilution + Mosango
0,459481.836523652,965574.000806604,1419202.76593181,RDT1_SD+CTC+CATT_4_Dilution+ YasaBonga
0,358094.662799488,752396.697431687,1105714.13306895,RDT1_SD+CTC+CATT_4_Dilution+ Kwamouth
0,108861.909637711,228767.950302947,336548.107715283,RDT1_SD+CTC+CATT_4_Dilution+ Mosango
0,631192.253626645,1321990.6224834,1938727.04802625,RDT1_SD+CTC+MaECT+CATT_4_Dilution+ YasaBonga
0,484441.394819972,1014175.58651312,1486917.56989771,RDT1_SD+CTC+MaECT+CATT_4_Dilution+ Kwamouth
0,144641.159988211,303208.318231201,445498.615033054,RDT1_SD+CTC+MaECT+CATT_4_Dilution+ Mosango
0,628499.835554042,1316800.73669016,1931558.17325211,RDT1_SD+CTC+MaECT_bc+CATT_4_Dilution+ YasaBonga
0,483141.526948516,1011836.28337157,1483852.36339984,RDT1_SD+CTC+MaECT_bc+CATT_4_Dilution+ Kwamouth
0,144527.949849847,303050.246269934,445326.179146228,RDT1_SD+CTC+MaECT_bc+CATT_4_Dilution+ Mosango
0,497658.18051985,1046391.83139102,1538570.83008431,RDT1_SD+CTC+QBC+CATT_4_Dilution+ YasaBonga
0,388865.025660308,817546.040362339,1201930.63859201,RDT1_SD+CTC+QBC+CATT_4_Dilution+ Kwamouth
0,118576.48218636,249284.346025128,366807.226596772,RDT1_SD+CTC+QBC+CATT_4_Dilution+ Mosango
0,634636.819099877,1325713.91403527,1940750.17848121,RDT1_SD+MaECT+CATT_4_Dilution+ YasaBonga
0,481153.807300534,1004329.59602951,1469654.82249711,RDT1_SD+MaECT+CATT_4_Dilution+ Kwamouth
0,141536.115358634,296085.913593171,434571.583886349,RDT1_SD+MaECT+CATT_4_Dilution+ Mosango
0,1191052.71449874,2479616.49954216,3621681.9722057,RDT1_SD+MaECT+MaECT_bc+CATT_4_Dilution+ YasaBonga
0,888810.117797621,1848035.6031475,2697375.78218136,RDT1_SD+MaECT+MaECT_bc+CATT_4_Dilution+ Kwamouth
0,256320.330942686,534699.313603723,783652.867958167,RDT1_SD+MaECT+MaECT_bc+CATT_4_Dilution+ Mosango
0,756178.353660523,1583144.73781741,2321104.04999703,RDT1_SD+MaECT+QBC+CATT_4_Dilution+ YasaBonga
0,579322.504312211,1212283.56160056,1776869.80373722,RDT1_SD+MaECT+QBC+CATT_4_Dilution+ Kwamouth
0,172596.791506229,361702.906886596,531362.36990221,RDT1_SD+MaECT+QBC+CATT_4_Dilution+ Mosango
0,633238.965728883,1323008.10393422,1937001.69027504,RDT1_SD+MaECT_bc+CATT_4_Dilution+ YasaBonga
0,480475.435988782,1003101.18979107,1468038.14056763,RDT1_SD+MaECT_bc+CATT_4_Dilution+ Kwamouth
0,141476.992357208,296002.599689754,434480.28289391,RDT1_SD+MaECT_bc+CATT_4_Dilution+ Mosango
0,754876.532411761,1580634.71357583,2317636.38514091,RDT1_SD+MaECT_bc+QBC+CATT_4_Dilution+ YasaBonga
0,578693.923050318,1211151.66227813,1775386.40130293,RDT1_SD+MaECT_bc+QBC+CATT_4_Dilution+ Kwamouth
0,172542.026705941,361626.397800028,531278.885270441,RDT1_SD+MaECT_bc+QBC+CATT_4_Dilution+ Mosango
0,473161.914569386,993951.522677283,1460549.06466259,RDT1_SD+QBC+CATT_4_Dilution+ YasaBonga
0,368136.693606352,773188.381600083,1135977.63222666,RDT1_SD+QBC+CATT_4_Dilution+ Kwamouth
0,111697.543168931,234664.851299356,345176.867128869,RDT1_SD+QBC+CATT_4_Dilution+ Mosango
0,459551.717544663,965810.076644246,1419631.44018051,RDT1_SD+CTC+CATT_8_Dilution+ YasaBonga
0,358160.50522068,752583.42585869,1106023.77035535,RDT1_SD+CTC+CATT_8_Dilution+ Kwamouth
0,108868.257471948,228783.670491288,336569.100439846,RDT1_SD+CTC+CATT_8_Dilution+ Mosango
0,631233.359424343,1322129.43653889,1938978.85124062,RDT1_SD+CTC+MaECT+CATT_8_Dilution+ YasaBonga
0,484480.047950134,1014284.94210647,1487098.42615909,RDT1_SD+CTC+MaECT+CATT_8_Dilution+ Kwamouth
0,144644.892353754,303217.517751756,445510.858896623,RDT1_SD+CTC+MaECT+CATT_8_Dilution+ Mosango
0,628515.164137438,1316852.49609328,1931652.12330547,RDT1_SD+CTC+MaECT_bc+CATT_8_Dilution+ YasaBonga
0,483156.064972651,1011877.17691175,1483919.99032238,RDT1_SD+CTC+MaECT_bc+CATT_8_Dilution+ Kwamouth
0,144529.34489717,303053.683208609,445330.750378528,RDT1_SD+CTC+MaECT_bc+CATT_8_Dilution+ Mosango
0,497672.981441497,1046441.814023,1538661.49660473,RDT1_SD+CTC+QBC+CATT_8_Dilution+ YasaBonga
0,388878.943452516,817585.415916626,1201995.75931716,RDT1_SD+CTC+QBC+CATT_8_Dilution+ Kwamouth
0,118577.826095323,249287.658486887,366811.63523194,RDT1_SD+CTC+QBC+CATT_8_Dilution+ Mosango
0,634762.963226881,1326140.13709318,1941524.03473098,RDT1_SD+MaECT+CATT_8_Dilution+ YasaBonga
0,481272.631094672,1004665.7910486,1470211.67128248,RDT1_SD+MaECT+CATT_8_Dilution+ Kwamouth
0,141547.583187669,296114.224912739,434609.315243046,RDT1_SD+MaECT+CATT_8_Dilution+ Mosango
0,1191081.9579533,2479714.41322206,3621858.73165528,RDT1_SD+MaECT+MaECT_bc+CATT_8_Dilution+ YasaBonga
0,888836.870699356,1848111.67906712,2697501.87004498,RDT1_SD+MaECT+MaECT_bc+CATT_8_Dilution+ Kwamouth
0,256322.993089538,534705.800844775,783661.486310339,RDT1_SD+MaECT+MaECT_bc+CATT_8_Dilution+ Mosango
0,756205.100996114,1583235.15156265,2321267.93684231,RDT1_SD+MaECT+QBC+CATT_8_Dilution+ YasaBonga
0,579347.756227265,1212354.67575492,1776987.47189635,RDT1_SD+MaECT+QBC+CATT_8_Dilution+ Kwamouth
0,172599.208666253,361708.875736154,531370.32004634,RDT1_SD+MaECT+QBC+CATT_8_Dilution+ Mosango
0,633287.565619288,1323172.44647962,1937299.81984435,RDT1_SD+MaECT_bc+CATT_8_Dilution+ YasaBonga
0,480521.265866734,1003230.74039008,1468252.48569388,RDT1_SD+MaECT_bc+CATT_8_Dilution+ Kwamouth
0,141481.400784245,296013.477660115,434494.764219069,RDT1_SD+MaECT_bc+CATT_8_Dilution+ Mosango
0,754887.004293236,1580669.77579628,2317699.68149332,RDT1_SD+MaECT_bc+QBC+CATT_8_Dilution+ YasaBonga
0,578703.503081825,1211178.90454569,1775431.55250628,RDT1_SD+MaECT_bc+QBC+CATT_8_Dilution+ Kwamouth
0,172542.980002558,361628.720836769,531281.971443529,RDT1_SD+MaECT_bc+QBC+CATT_8_Dilution+ Mosango
0,473202.403257409,994088.328193561,1460797.45057651,RDT1_SD+QBC+CATT_8_Dilution+ YasaBonga
0,368174.832675089,773296.290668592,1136156.36489763,RDT1_SD+QBC+CATT_8_Dilution+ Kwamouth
0,111701.224016888,234673.938430186,345188.977824517,RDT1_SD+QBC+CATT_8_Dilution+ Mosango
0,459623.557098333,966053.677053533,1420074.57420376,RDT1_SD+CTC+CATT_16_Dilution + YasaBonga
0,358228.672698637,752777.958373731,1106347.62049472,RDT1_SD+CTC+CATT_16_Dilution + Kwamouth
0,108874.794383021,228800.049963616,336591.130599551,RDT1_SD+CTC+CATT_16_Dilution + Mosango
0,631275.594153494,1322271.878802,1939237.15738869,RDT1_SD+CTC+MaECT+CATT_16_Dilution + YasaBonga
0,484519.69285716,1014397.22181538,1487284.43628561,RDT1_SD+CTC+MaECT+CATT_16_Dilution + Kwamouth
0,144648.717158991,303226.962982697,445523.452760882,RDT1_SD+CTC+MaECT+CATT_16_Dilution + Mosango
0,628530.909525117,1316905.50157053,1931748.26753822,RDT1_SD+CTC+MaECT_bc+CATT_16_Dilution + YasaBonga
0,483170.743737827,1011918.86891717,1483989.07347142,RDT1_SD+CTC+MaECT_bc+CATT_16_Dilution + Kwamouth
0,144530.773843505,303057.194742325,445335.423836309,RDT1_SD+CTC+MaECT_bc+CATT_16_Dilution + Mosango
0,497688.188856313,1046493.10305992,1538754.50462969,RDT1_SD+CTC+QBC+CATT_16_Dilution + YasaBonga
0,388893.218352785,817625.844354151,1202062.73578915,RDT1_SD+CTC+QBC+CATT_16_Dilution + Kwamouth
0,118579.203288951,249291.059421327,366816.169891491,RDT1_SD+CTC+QBC+CATT_16_Dilution + Mosango
0,634892.545525397,1326577.94841769,1942319.43367575,RDT1_SD+MaECT+CATT_16_Dilution + YasaBonga
0,481394.724626985,1005012.80776941,1470787.71069114,RDT1_SD+MaECT+CATT_16_Dilution + Kwamouth
0,141559.337178859,296143.426493965,434648.372799489,RDT1_SD+MaECT+CATT_16_Dilution + Mosango
0,1191111.41297204,2479814.05073853,3622039.59110089,RDT1_SD+MaECT+MaECT_bc+CATT_16_Dilution + YasaBonga
0,888864.484416485,1848189.98608111,2697631.38792228,RDT1_SD+MaECT+MaECT_bc+CATT_16_Dilution + Kwamouth
0,256325.660258312,534712.377894418,783670.24218426,RDT1_SD+MaECT+MaECT_bc+CATT_16_Dilution + Mosango
0,756232.635327987,1583327.61411758,2321435.68762438,RDT1_SD+MaECT+QBC+CATT_16_Dilution + YasaBonga
0,579373.445727727,1212427.35364247,1777107.95523919,RDT1_SD+MaECT+QBC+CATT_16_Dilution + Kwamouth
0,172601.711898628,361715.021619607,531378.493706455,RDT1_SD+MaECT+QBC+CATT_16_Dilution + Mosango
0,633337.425934209,1323340.7407984,1937605.09860377,RDT1_SD+MaECT_bc+CATT_16_Dilution + YasaBonga
0,480568.097460735,1003363.36060908,1468472.16874156,RDT1_SD+MaECT_bc+CATT_16_Dilution + Kwamouth
0,141485.890328176,296024.614238789,434509.617725371,RDT1_SD+MaECT_bc+CATT_16_Dilution + Mosango
0,754897.5519344,1580705.45531085,2317764.44602633,RDT1_SD+MaECT_bc+QBC+CATT_16_Dilution + YasaBonga
0,578713.391365449,1211206.94575291,1775477.9319741,RDT1_SD+MaECT_bc+QBC+CATT_16_Dilution + Kwamouth
0,172543.935097491,361631.076033354,531285.106862216,RDT1_SD+MaECT_bc+QBC+CATT_16_Dilution + Mosango
0,473243.995501001,994228.853214838,1461052.7510847,RDT1_SD+QBC+CATT_16_Dilution + YasaBonga
0,368214.021237068,773407.673196512,1136341.25721454,RDT1_SD+QBC+CATT_16_Dilution + Kwamouth
0,111704.996714782,234683.311309766,345201.51419268,RDT1_SD+QBC+CATT_16_Dilution + Mosango
