,Cost2030,Cost2040,Cost2050,name
,684791.284556863,1441024.85339355,2119958.43990765,CATT_wb+CTC+CATT_4_Dilution+iELISA+ YasaBonga
,537006.533733861,1129962.26270211,1662147.56539929,CATT_wb+CTC+CATT_4_Dilution+iELISA+ Kwamouth
,164425.104698127,345866.623427567,509067.562237111,CATT_wb+CTC+CATT_4_Dilution+iELISA+ Mosango
,1057879.66769232,2206470.80263458,3226775.32372109,CATT_wb+CTC+MaECT+CATT_4_Dilution+iELISA+ YasaBonga
,796041.763043378,1658707.63821822,2424423.75806637,CATT_wb+CTC+MaECT+CATT_4_Dilution+iELISA+ Kwamouth
,232015.905053525,484752.337321289,711016.33819838,CATT_wb+CTC+MaECT+CATT_4_Dilution+iELISA+ Mosango
,1055148.12783276,2201202.34180819,3219495.2168126,CATT_wb+CTC+MaECT_bc+CATT_4_Dilution+iELISA+ YasaBonga
,794724.03481948,1656334.23214812,2421312.36698536,CATT_wb+CTC+MaECT_bc+CATT_4_Dilution+iELISA+ Kwamouth
,231901.45248971,484592.37999389,710841.772971295,CATT_wb+CTC+MaECT_bc+CATT_4_Dilution+iELISA+ Mosango
,779987.052417729,1637664.16027342,2405632.77442435,CATT_wb+CTC+QBC+CATT_4_Dilution+iELISA+ YasaBonga
,605376.228067606,1270768.08721649,1866366.2436803,CATT_wb+CTC+QBC+CATT_4_Dilution+iELISA+ Kwamouth
,183163.788594139,384666.806600342,565713.141376591,CATT_wb+CTC+QBC+CATT_4_Dilution+iELISA+ Mosango
,1106782.90507069,2322204.58639383,3409608.8210091,CATT_wb+MaECT+CATT_4_Dilution+iELISA+ YasaBonga
,856275.08195471,1796094.90262734,2636628.59926134,CATT_wb+MaECT+CATT_4_Dilution+iELISA+ Kwamouth
,258107.927651234,541784.025785688,796571.856707617,CATT_wb+MaECT+CATT_4_Dilution+iELISA+ Mosango
,2352641.85098828,4871783.80522832,7089721.76896199,CATT_wb+MaECT+MaECT_bc+CATT_4_Dilution+iELISA+ YasaBonga
,1710228.00041252,3533115.86422984,5134892.29458732,CATT_wb+MaECT+MaECT_bc+CATT_4_Dilution+iELISA+ Kwamouth
,476572.476303652,989248.630939282,1446109.98197958,CATT_wb+MaECT+MaECT_bc+CATT_4_Dilution+iELISA+ Mosango
,1423533.85549338,2974819.0012779,4356042.06885506,CATT_wb+MaECT+QBC+CATT_4_Dilution+iELISA+ YasaBonga
,1080901.08062345,2257185.95908137,3303899.39525321,CATT_wb+MaECT+QBC+CATT_4_Dilution+iELISA+ Kwamouth
,318578.946094938,666651.957664752,978608.619472787,CATT_wb+MaECT+QBC+CATT_4_Dilution+iELISA+ Mosango
,1105370.89940455,2319478.67585542,3405839.36322485,CATT_wb+MaECT_bc+CATT_4_Dilution+iELISA+ YasaBonga
,855593.093174952,1794864.97617104,2635014.61859367,CATT_wb+MaECT_bc+CATT_4_Dilution+iELISA+ Kwamouth
,258048.63080619,541701.007101739,796481.167535606,CATT_wb+MaECT_bc+CATT_4_Dilution+iELISA+ Mosango
,1420420.31294338,2968815.83862579,4347748.91292181,CATT_wb+MaECT_bc+QBC+CATT_4_Dilution+iELISA+ YasaBonga
,1079399.8600811,2254483.62062378,3300358.09304401,CATT_wb+MaECT_bc+QBC+CATT_4_Dilution+iELISA+ Kwamouth
,318448.501593678,666469.848369361,978409.975713831,CATT_wb+MaECT_bc+QBC+CATT_4_Dilution+iELISA+ Mosango
,720491.452259987,1515890.24985738,2229842.18531297,CATT_wb+QBC+CATT_4_Dilution+iELISA+ YasaBonga
,564562.438832679,1187730.25054332,1746919.05023789,CATT_wb+QBC+CATT_4_Dilution+iELISA+ Kwamouth
,172709.017624525,363248.558739127,534618.993102357,CATT_wb+QBC+CATT_4_Dilution+iELISA+ Mosango
,667138.843373233,1403086.80077339,2063367.5371747,CATT_wb+CTC+CATT_8_Dilution+iELISA+ YasaBonga
,521752.390827663,1097196.58815139,1613310.70293218,CATT_wb+CTC+CATT_8_Dilution+iELISA+ Kwamouth
,159253.627789759,334850.521928037,492748.106997558,CATT_wb+CTC+CATT_8_Dilution+iELISA+ Mosango
,1064075.59673398,2214520.27024739,3233722.75429671,CATT_wb+CTC+MaECT+CATT_8_Dilution+iELISA+ YasaBonga
,792290.219338961,1646654.58572235,2402735.99553219,CATT_wb+CTC+MaECT+CATT_8_Dilution+iELISA+ Kwamouth
,227845.211126256,475135.226072664,696224.610044095,CATT_wb+CTC+MaECT+CATT_8_Dilution+iELISA+ Mosango
,1060775.52621287,2208113.16150021,3224826.16504884,CATT_wb+CTC+MaECT_bc+CATT_8_Dilution+iELISA+ YasaBonga
,790684.876758023,1643734.58704127,2398880.90488965,CATT_wb+CTC+MaECT_bc+CATT_8_Dilution+iELISA+ Kwamouth
,227705.41100536,474937.061050932,696006.789081505,CATT_wb+CTC+MaECT_bc+CATT_8_Dilution+iELISA+ Mosango
,766975.87729685,1608650.06241849,2361345.4222362,CATT_wb+CTC+QBC+CATT_8_Dilution+iELISA+ YasaBonga
,592353.995029522,1242004.67571385,1822759.74877214,CATT_wb+CTC+QBC+CATT_8_Dilution+iELISA+ Kwamouth
,178187.351308414,373922.549535836,549690.679924153,CATT_wb+CTC+QBC+CATT_8_Dilution+iELISA+ Mosango
,1052233.2593911,2204478.72505152,3233534.44036743,CATT_wb+MaECT+CATT_8_Dilution+iELISA+ YasaBonga
,808377.215086975,1692851.76833254,2482417.91255027,CATT_wb+MaECT+CATT_8_Dilution+iELISA+ Kwamouth
,241638.424061497,506639.155364732,744463.7821601,CATT_wb+MaECT+CATT_8_Dilution+iELISA+ Mosango
,2384584.41444206,4920717.83021059,7143784.66265342,CATT_wb+MaECT+MaECT_bc+CATT_8_Dilution+iELISA+ YasaBonga
,1704005.46038853,3504834.96257678,5078857.70515728,CATT_wb+MaECT+MaECT_bc+CATT_8_Dilution+iELISA+ Kwamouth
,463727.724583634,959161.870935812,1399520.26339699,CATT_wb+MaECT+MaECT_bc+CATT_8_Dilution+iELISA+ Mosango
,1386249.56257824,2890330.98270745,4225834.89267337,CATT_wb+MaECT+QBC+CATT_8_Dilution+iELISA+ YasaBonga
,1041317.39684857,2168879.82585577,3169235.00680512,CATT_wb+MaECT+QBC+CATT_8_Dilution+iELISA+ Kwamouth
,302835.669367381,632521.457126244,927609.608934012,CATT_wb+MaECT+QBC+CATT_8_Dilution+iELISA+ Mosango
,1050509.43840579,2201102.87927982,3228818.01597716,CATT_wb+MaECT_bc+CATT_8_Dilution+iELISA+ YasaBonga
,807529.627155952,1691290.86166776,2480339.15953784,CATT_wb+MaECT_bc+CATT_8_Dilution+iELISA+ Kwamouth
,241564.487059284,506532.403806654,744345.383436661,CATT_wb+MaECT_bc+CATT_8_Dilution+iELISA+ Mosango
,1382504.39656367,2883085.98503823,4215801.59150315,CATT_wb+MaECT_bc+QBC+CATT_8_Dilution+iELISA+ YasaBonga
,1039504.0802519,2165599.48692541,3164920.71248739,CATT_wb+MaECT_bc+QBC+CATT_8_Dilution+iELISA+ Kwamouth
,302677.944041533,632299.615136563,927366.711391029,CATT_wb+MaECT_bc+QBC+CATT_8_Dilution+iELISA+ Mosango
,699136.390926659,1470019.8608936,2161444.66104954,CATT_wb+QBC+CATT_8_Dilution+iELISA+ YasaBonga
,546189.761897007,1148290.33604358,1688159.90339438,CATT_wb+QBC+CATT_8_Dilution+iELISA+ Kwamouth
,166510.67767096,350051.160493593,515073.666487913,CATT_wb+QBC+CATT_8_Dilution+iELISA+ Mosango
,646317.183437353,1358457.26186517,1996909.47046846,CATT_wb+CTC+CATT_16_Dilution +iELISA+ YasaBonga
,503951.830976423,1059050.05415558,1556535.56915004,CATT_wb+CTC+CATT_16_Dilution +iELISA+ Kwamouth
,153278.184042167,322137.541909535,473926.127769021,CATT_wb+CTC+CATT_16_Dilution +iELISA+ Mosango
,1067613.53862967,2216873.11306429,3232186.51904045,CATT_wb+CTC+MaECT+CATT_16_Dilution +iELISA+ YasaBonga
,786241.681307439,1629675.60909759,2373711.50060542,CATT_wb+CTC+MaECT+CATT_16_Dilution +iELISA+ Kwamouth
,222892.392697053,463852.516439302,678964.993356053,CATT_wb+CTC+MaECT+CATT_16_Dilution +iELISA+ Mosango
,1063723.11967204,2209269.14890714,3221577.36821838,CATT_wb+CTC+MaECT_bc+CATT_16_Dilution +iELISA+ YasaBonga
,784333.348079597,1626171.4220422,2369053.58063188,CATT_wb+CTC+MaECT_bc+CATT_16_Dilution +iELISA+ Kwamouth
,222726.08122322,463613.363495459,678700.279159504,CATT_wb+CTC+MaECT_bc+CATT_16_Dilution +iELISA+ Mosango
,750889.12197472,1573116.7588639,2307420.55869234,CATT_wb+CTC+QBC+CATT_16_Dilution +iELISA+ YasaBonga
,576828.069580202,1207931.72887332,1771302.93806188,CATT_wb+CTC+QBC+CATT_16_Dilution +iELISA+ Kwamouth
,172410.801221014,361486.392165775,531170.991168349,CATT_wb+CTC+QBC+CATT_16_Dilution +iELISA+ Mosango
,987569.407029341,2065370.84560326,3025905.76863313,CATT_wb+MaECT+CATT_16_Dilution +iELISA+ YasaBonga
,752337.268147378,1572386.36610724,2302785.13692576,CATT_wb+MaECT+CATT_16_Dilution +iELISA+ Kwamouth
,222596.809683301,466063.521706568,684345.936271155,CATT_wb+MaECT+CATT_16_Dilution +iELISA+ Mosango
,2408239.23821186,4951776.63624973,7171124.2595194,CATT_wb+MaECT+MaECT_bc+CATT_16_Dilution +iELISA+ YasaBonga
,1690518.57108578,3460900.71239633,4999449.69939065,CATT_wb+MaECT+MaECT_bc+CATT_16_Dilution +iELISA+ Kwamouth
,448387.514475001,923751.116611299,1345037.37398496,CATT_wb+MaECT+MaECT_bc+CATT_16_Dilution +iELISA+ Mosango
,1339208.98610191,2785135.92553403,4064990.95910247,CATT_wb+MaECT+QBC+CATT_16_Dilution +iELISA+ YasaBonga
,993760.452961205,2063645.09289972,3009524.42177396,CATT_wb+MaECT+QBC+CATT_16_Dilution +iELISA+ Kwamouth
,284535.308364622,592980.741837634,868623.320752815,CATT_wb+MaECT+QBC+CATT_16_Dilution +iELISA+ Mosango
,985515.04522755,2061290.04648782,3020146.89941767,CATT_wb+MaECT_bc+CATT_16_Dilution +iELISA+ YasaBonga
,751308.583083994,1570454.09966153,2300176.76423961,CATT_wb+MaECT_bc+CATT_16_Dilution +iELISA+ Kwamouth
,222506.721590636,465929.68613551,684195.446692844,CATT_wb+MaECT_bc+CATT_16_Dilution +iELISA+ Mosango
,1334813.32038297,2776602.66904968,4053143.25495121,CATT_wb+MaECT_bc+QBC+CATT_16_Dilution +iELISA+ YasaBonga
,991622.719173405,2059757.95960375,3004393.38529354,CATT_wb+MaECT_bc+QBC+CATT_16_Dilution +iELISA+ Kwamouth
,284349.274359158,592717.099824181,868333.54974281,CATT_wb+MaECT_bc+QBC+CATT_16_Dilution +iELISA+ Mosango
,673977.999714063,1416111.09334884,2081186.72719721,CATT_wb+QBC+CATT_16_Dilution +iELISA+ YasaBonga
,524761.687421778,1102389.77779085,1619866.36206325,CATT_wb+QBC+CATT_16_Dilution +iELISA+ Kwamouth
,159349.637610745,334821.67922033,492531.740002246,CATT_wb+QBC+CATT_16_Dilution +iELISA+ Mosango
,496276.45738726,1043175.81546868,1533535.69789352,RDT1_SD+CTC+CATT_4_Dilution+iELISA+ YasaBonga
,387229.181089062,813850.040148523,1196250.7250245,RDT1_SD+CTC+CATT_4_Dilution+iELISA+ Kwamouth
,117887.349426418,247783.781097321,364560.273697131,RDT1_SD+CTC+CATT_4_Dilution+iELISA+ Mosango
,756808.759805188,1570715.55955695,2289332.19074204,RDT1_SD+CTC+MaECT+CATT_4_Dilution+iELISA+ YasaBonga
,556332.926155931,1152513.68220944,1678124.57199892,RDT1_SD+CTC+MaECT+CATT_4_Dilution+iELISA+ Kwamouth
,157375.720919799,327391.696329918,479140.313708973,RDT1_SD+CTC+MaECT+CATT_4_Dilution+iELISA+ Mosango
,754054.523953244,1565405.20728606,2281995.97981328,RDT1_SD+CTC+MaECT_bc+CATT_4_Dilution+iELISA+ YasaBonga
,555004.981102254,1150123.38298257,1674992.56746864,RDT1_SD+CTC+MaECT_bc+CATT_4_Dilution+iELISA+ Kwamouth
,157260.350170338,327230.619057951,478964.617894911,RDT1_SD+CTC+MaECT_bc+CATT_4_Dilution+iELISA+ Mosango
,559432.087350342,1172117.66312049,1719349.00361577,RDT1_SD+CTC+QBC+CATT_4_Dilution+iELISA+ YasaBonga
,430029.639640112,900630.12307256,1320788.61410624,RDT1_SD+CTC+QBC+CATT_4_Dilution+iELISA+ Kwamouth
,128645.03455024,269752.25840036,396399.756673562,RDT1_SD+CTC+QBC+CATT_4_Dilution+iELISA+ Mosango
,752619.281225634,1574514.86851431,2307285.17147159,RDT1_SD+MaECT+CATT_4_Dilution+iELISA+ YasaBonga
,574498.759411497,1201195.26880403,1759661.38676903,RDT1_SD+MaECT+CATT_4_Dilution+iELISA+ Kwamouth
,170426.743214518,356949.970122552,524225.313343358,RDT1_SD+MaECT+CATT_4_Dilution+iELISA+ Mosango
,1638729.59574824,3363585.09239205,4865185.80371627,RDT1_SD+MaECT+MaECT_bc+CATT_4_Dilution+iELISA+ YasaBonga
,1140865.7628288,2330281.23094795,3361041.68617694,RDT1_SD+MaECT+MaECT_bc+CATT_4_Dilution+iELISA+ Kwamouth
,298980.904081854,614747.80563249,894206.866224196,RDT1_SD+MaECT+MaECT_bc+CATT_4_Dilution+iELISA+ Mosango
,966942.913648786,2010682.36476638,2934409.18334577,RDT1_SD+MaECT+QBC+CATT_4_Dilution+iELISA+ YasaBonga
,717349.165583093,1489480.80243661,2172048.55788545,RDT1_SD+MaECT+QBC+CATT_4_Dilution+iELISA+ Kwamouth
,205362.625737046,427961.677323925,626888.118922309,RDT1_SD+MaECT+QBC+CATT_4_Dilution+iELISA+ Mosango
,751195.544041122,1571767.50654351,2303487.06609881,RDT1_SD+MaECT_bc+CATT_4_Dilution+iELISA+ YasaBonga
,573811.534831428,1199956.35431145,1758036.18277482,RDT1_SD+MaECT_bc+CATT_4_Dilution+iELISA+ Kwamouth
,170366.986404839,356866.375892719,524134.033529652,RDT1_SD+MaECT_bc+CATT_4_Dilution+iELISA+ Mosango
,963803.318084976,2004632.25295435,2926053.86435971,RDT1_SD+MaECT_bc+QBC+CATT_4_Dilution+iELISA+ YasaBonga
,715836.015904306,1486758.94956364,2168483.52390952,RDT1_SD+MaECT_bc+QBC+CATT_4_Dilution+iELISA+ Kwamouth
,205231.232728947,427778.387585478,626688.279497625,RDT1_SD+MaECT_bc+QBC+CATT_4_Dilution+iELISA+ Mosango
,517165.259938747,1086765.01033423,1597301.64060428,RDT1_SD+QBC+CATT_4_Dilution+iELISA+ YasaBonga
,402988.117736538,846705.730976124,1244292.21096358,RDT1_SD+QBC+CATT_4_Dilution+iELISA+ Kwamouth
,122495.895660785,257416.737151483,378692.929854864,RDT1_SD+QBC+CATT_4_Dilution+iELISA+ Mosango
,488343.566173699,1025749.43032094,1507177.94906746,RDT1_SD+CTC+CATT_8_Dilution+iELISA+ YasaBonga
,379700.504755735,797389.413369983,1171445.22204083,RDT1_SD+CTC+CATT_8_Dilution+iELISA+ Kwamouth
,115117.955235593,241830.560638429,355700.376040226,RDT1_SD+CTC+CATT_8_Dilution+iELISA+ Mosango
,772916.497705795,1599626.98573137,2326976.35066298,RDT1_SD+CTC+MaECT+CATT_8_Dilution+iELISA+ YasaBonga
,560392.392793771,1156905.60478433,1680638.63399536,RDT1_SD+CTC+MaECT+CATT_8_Dilution+iELISA+ Kwamouth
,155613.791997136,322844.957257954,471814.96237488,RDT1_SD+CTC+MaECT+CATT_8_Dilution+iELISA+ Mosango
,769589.539034471,1593170.77246182,2318015.39894071,RDT1_SD+CTC+MaECT_bc+CATT_8_Dilution+iELISA+ YasaBonga
,558775.274058098,1153966.84232543,1676760.51529597,RDT1_SD+CTC+MaECT_bc+CATT_8_Dilution+iELISA+ Kwamouth
,155473.054988975,322645.647750061,471595.98509931,RDT1_SD+CTC+MaECT_bc+CATT_8_Dilution+iELISA+ Mosango
,556175.170703813,1163677.35508753,1705375.87914701,RDT1_SD+CTC+QBC+CATT_8_Dilution+iELISA+ YasaBonga
,424747.323657641,888194.192660992,1301239.54225477,RDT1_SD+CTC+QBC+CATT_8_Dilution+iELISA+ Kwamouth
,126071.322248574,264070.953050154,387836.147526329,RDT1_SD+CTC+QBC+CATT_8_Dilution+iELISA+ Mosango
,729187.52206436,1522453.47123962,2227991.79323443,RDT1_SD+MaECT+CATT_8_Dilution+iELISA+ YasaBonga
,551329.12761881,1150138.5931182,1682362.94504028,RDT1_SD+MaECT+CATT_8_Dilution+iELISA+ Kwamouth
,161644.427660121,338006.82942382,495988.24532375,RDT1_SD+MaECT+CATT_8_Dilution+iELISA+ Mosango
,1702491.20884849,3479463.64259849,5017726.37990401,RDT1_SD+MaECT+MaECT_bc+CATT_8_Dilution+iELISA+ YasaBonga
,1159685.51905627,2354700.63353131,3382546.1218375,RDT1_SD+MaECT+MaECT_bc+CATT_8_Dilution+iELISA+ Kwamouth
,293848.189229282,600891.148110391,871514.528311251,RDT1_SD+MaECT+MaECT_bc+CATT_8_Dilution+iELISA+ Mosango
,960907.719036526,1992095.76939261,2901294.05009229,RDT1_SD+MaECT+QBC+CATT_8_Dilution+iELISA+ YasaBonga
,702549.073062408,1453448.806318,2114399.79305737,RDT1_SD+MaECT+QBC+CATT_8_Dilution+iELISA+ Kwamouth
,197309.488876086,410034.282539737,599759.050195373,RDT1_SD+MaECT+QBC+CATT_8_Dilution+iELISA+ Mosango
,727449.369257017,1519050.59340706,2223238.90908353,RDT1_SD+MaECT_bc+CATT_8_Dilution+iELISA+ YasaBonga
,550474.733336397,1148566.03239987,1680269.48650559,RDT1_SD+MaECT_bc+CATT_8_Dilution+iELISA+ Kwamouth
,161569.882533862,337899.31101331,495869.047650081,RDT1_SD+MaECT_bc+CATT_8_Dilution+iELISA+ Mosango
,957131.643250801,1984794.36992174,2891185.96698949,RDT1_SD+MaECT_bc+QBC+CATT_8_Dilution+iELISA+ YasaBonga
,700721.999001521,1450145.1484835,2110056.81100146,RDT1_SD+MaECT_bc+QBC+CATT_8_Dilution+iELISA+ Kwamouth
,197150.546182298,409810.943067721,599514.635716538,RDT1_SD+MaECT_bc+QBC+CATT_8_Dilution+iELISA+ Mosango
,507437.55156924,1065432.69218319,1565072.22590544,RDT1_SD+QBC+CATT_8_Dilution+iELISA+ YasaBonga
,393857.960292687,826772.870756097,1214283.96706935,RDT1_SD+QBC+CATT_8_Dilution+iELISA+ Kwamouth
,119171.545122156,250276.907828221,368072.763544123,RDT1_SD+QBC+CATT_8_Dilution+iELISA+ Mosango
,478709.531969906,1004730.27694085,1475521.16746169,RDT1_SD+CTC+CATT_16_Dilution +iELISA+ YasaBonga
,370793.703094272,778014.200689125,1142336.76586045,RDT1_SD+CTC+CATT_16_Dilution +iELISA+ Kwamouth
,111908.366001382,234947.286569443,345467.87174688,RDT1_SD+CTC+CATT_16_Dilution +iELISA+ Mosango
,787838.791491238,1625949.24416522,2360716.76551562,RDT1_SD+CTC+MaECT+CATT_16_Dilution +iELISA+ YasaBonga
,563324.857121422,1158841.56372273,1679455.49634547,RDT1_SD+CTC+MaECT+CATT_16_Dilution +iELISA+ Kwamouth
,153433.755545999,317399.635093829,463151.725393971,RDT1_SD+CTC+MaECT+CATT_16_Dilution +iELISA+ Mosango
,783916.927987374,1618288.33834136,2350032.1922234,RDT1_SD+CTC+MaECT_bc+CATT_16_Dilution +iELISA+ YasaBonga
,561402.868516799,1155314.71493552,1674770.56452025,RDT1_SD+CTC+MaECT_bc+CATT_16_Dilution +iELISA+ Kwamouth
,153266.086267053,317158.879877157,462885.410825886,RDT1_SD+CTC+MaECT_bc+CATT_16_Dilution +iELISA+ Mosango
,551311.556867915,1151818.48533285,1686336.13704756,RDT1_SD+CTC+QBC+CATT_16_Dilution +iELISA+ YasaBonga
,418129.83280005,872915.775503688,1277476.55302452,RDT1_SD+CTC+QBC+CATT_16_Dilution +iELISA+ Kwamouth
,123061.250864704,257464.473683221,377905.03504603,RDT1_SD+CTC+QBC+CATT_16_Dilution +iELISA+ Mosango
,700340.339745604,1458928.36308575,2131766.06286285,RDT1_SD+MaECT+CATT_16_Dilution +iELISA+ YasaBonga
,523756.166664651,1089753.10169811,1591278.26034092,RDT1_SD+MaECT+CATT_16_Dilution +iELISA+ Kwamouth
,151454.07099951,316086.849994951,463357.26227572,RDT1_SD+MaECT+CATT_16_Dilution +iELISA+ Mosango
,1762677.8486817,3587414.54035788,5158203.14280678,RDT1_SD+MaECT+MaECT_bc+CATT_16_Dilution +iELISA+ YasaBonga
,1174985.10344151,2371372.4461333,3392327.17880605,RDT1_SD+MaECT+MaECT_bc+CATT_16_Dilution +iELISA+ Kwamouth
,287384.660383936,584164.745871497,844544.89565196,RDT1_SD+MaECT+MaECT_bc+CATT_16_Dilution +iELISA+ Mosango
,949817.335753397,1962724.87452477,2852169.97632199,RDT1_SD+MaECT+QBC+CATT_16_Dilution +iELISA+ YasaBonga
,683515.477698786,1408383.48462132,2043342.58400749,RDT1_SD+MaECT+QBC+CATT_16_Dilution +iELISA+ Kwamouth
,187863.111759639,389150.020245762,568257.634717439,RDT1_SD+MaECT+QBC+CATT_16_Dilution +iELISA+ Mosango
,698269.269332983,1454816.55359623,2125965.31706587,RDT1_SD+MaECT_bc+CATT_16_Dilution +iELISA+ YasaBonga
,522720.026886777,1087808.24212433,1588654.15070437,RDT1_SD+MaECT_bc+CATT_16_Dilution +iELISA+ Kwamouth
,151363.31179511,315952.172805845,463205.927992114,RDT1_SD+MaECT_bc+CATT_16_Dilution +iELISA+ Mosango
,945385.497806678,1954126.49079535,2840235.57419982,RDT1_SD+MaECT_bc+QBC+CATT_16_Dilution +iELISA+ YasaBonga
,681361.797675934,1404469.29916246,2038178.0816884,RDT1_SD+MaECT_bc+QBC+CATT_16_Dilution +iELISA+ Kwamouth
,187675.694995881,388884.6847325,567966.175939249,RDT1_SD+MaECT_bc+QBC+CATT_16_Dilution +iELISA+ Mosango
,495663.267970372,1039770.27873557,1526449.33323413,RDT1_SD+QBC+CATT_16_Dilution +iELISA+ YasaBonga
,383070.30621818,803330.706131694,1179091.9755273,RDT1_SD+QBC+CATT_16_Dilution +iELISA+ Kwamouth
,115319.742682327,242022.529469919,355807.987485413,RDT1_SD+QBC+CATT_16_Dilution +iELISA+ Mosango
