,2030,2040,2050,name
0,938237.5793362,1977628.24361189,2912535.22829277,CATT_wb+CTC+CATT_4_Dilution+ YasaBonga
0,738963.760405713,1557369.88772142,2293060.54701716,CATT_wb+CTC+CATT_4_Dilution+ Kwamouth
0,227063.828740176,477982.517077088,703730.678196198,CATT_wb+CTC+CATT_4_Dilution+ Mosango
0,1066795.21813591,2237520.1773627,3284092.60827008,CATT_wb+CTC+MaECT+CATT_4_Dilution+ YasaBonga
0,804944.005082064,1685525.62067377,2470567.54325822,CATT_wb+CTC+MaECT+CATT_4_Dilution+ Kwamouth
0,232844.749063186,487013.77565374,714247.937744713,CATT_wb+CTC+MaECT+CATT_4_Dilution+ Mosango
0,883291.689285997,1850508.6362825,2713901.83677592,CATT_wb+CTC+MaECT_bc+CATT_4_Dilution+ YasaBonga
0,659725.400799066,1379260.69728176,2019403.98702857,CATT_wb+CTC+MaECT_bc+CATT_4_Dilution+ Kwamouth
0,187940.748594945,392426.697861061,574933.625925622,CATT_wb+CTC+MaECT_bc+CATT_4_Dilution+ Mosango
0,1079997.61893596,2274567.26724701,3347966.23205222,CATT_wb+CTC+QBC+CATT_4_Dilution+ YasaBonga
0,844690.780037511,1778357.33125079,2616559.55814115,CATT_wb+CTC+QBC+CATT_4_Dilution+ Kwamouth
0,257117.366049516,540719.783586486,795631.543050416,CATT_wb+CTC+QBC+CATT_4_Dilution+ Mosango
0,1918225.77123692,4040787.59597969,5948539.6995384,CATT_wb+MaECT+CATT_4_Dilution+ YasaBonga
0,1502952.62690354,3165051.49295534,4657706.34891265,CATT_wb+MaECT+CATT_4_Dilution+ Kwamouth
0,458589.118196064,964657.598624036,1419640.22878447,CATT_wb+MaECT+CATT_4_Dilution+ Mosango
0,1807054.16024239,3764709.62439145,5499776.95704596,CATT_wb+MaECT+MaECT_bc+CATT_4_Dilution+ YasaBonga
0,1282573.84076996,2659557.682271,3871282.85392482,CATT_wb+MaECT+MaECT_bc+CATT_4_Dilution+ Kwamouth
0,336303.505235105,695423.13691768,1012782.43084175,CATT_wb+MaECT+MaECT_bc+CATT_4_Dilution+ Mosango
0,1204432.51582621,2526122.73254519,3707603.82672302,CATT_wb+MaECT+QBC+CATT_4_Dilution+ YasaBonga
0,908554.259461469,1902400.59808885,2788369.27184513,CATT_wb+MaECT+QBC+CATT_4_Dilution+ Kwamouth
0,262712.941563662,549461.337110333,805811.318852635,CATT_wb+MaECT+QBC+CATT_4_Dilution+ Mosango
0,1338821.99448556,2818147.51189918,4146526.69398912,CATT_wb+MaECT_bc+CATT_4_Dilution+ YasaBonga
0,1042267.00436911,2192810.75537954,3224806.5017244,CATT_wb+MaECT_bc+CATT_4_Dilution+ Kwamouth
0,315248.746680604,662531.344662548,974479.388896109,CATT_wb+MaECT_bc+CATT_4_Dilution+ Mosango
0,865205.196256686,1810510.60942385,2653101.93853435,CATT_wb+MaECT_bc+QBC+CATT_4_Dilution+ YasaBonga
0,639520.858358798,1334837.33261658,1952104.03268067,CATT_wb+MaECT_bc+QBC+CATT_4_Dilution+ Kwamouth
0,179284.361071418,373674.355522515,546855.165982807,CATT_wb+MaECT_bc+QBC+CATT_4_Dilution+ Mosango
0,667451.82868412,1405903.31667637,2069563.08118984,CATT_wb+QBC+CATT_4_Dilution+ YasaBonga
0,522639.095756369,1100521.48515533,1619431.99847866,CATT_wb+QBC+CATT_4_Dilution+ Kwamouth
0,159339.414454429,335147.233781768,493194.748163997,CATT_wb+QBC+CATT_4_Dilution+ Mosango
0,920854.414535285,1940624.34986392,2857669.50635884,CATT_wb+CTC+CATT_8_Dilution+ YasaBonga
0,723980.618722846,1525426.71507981,2245647.4869591,CATT_wb+CTC+CATT_8_Dilution+ Kwamouth
0,221918.624664353,467038.540131455,687515.973865021,CATT_wb+CTC+CATT_8_Dilution+ Mosango
0,1074799.6782857,2251876.11491173,3302691.70189584,CATT_wb+CTC+MaECT+CATT_8_Dilution+ YasaBonga
0,803003.445704012,1678946.85246795,2458318.25929494,CATT_wb+CTC+MaECT+CATT_8_Dilution+ Kwamouth
0,228842.433984789,477858.497397359,700118.684842401,CATT_wb+CTC+MaECT+CATT_8_Dilution+ Mosango
0,890689.929941187,1863585.730548,2730618.43536165,CATT_wb+CTC+MaECT_bc+CATT_8_Dilution+ YasaBonga
0,657454.857284146,1371996.66991511,2006160.31951708,CATT_wb+CTC+MaECT_bc+CATT_8_Dilution+ Kwamouth
0,183909.446032335,383221.549823822,560742.804024021,CATT_wb+CTC+MaECT_bc+CATT_8_Dilution+ Mosango
0,1020210.52782836,2147613.25101008,3160051.62343678,CATT_wb+CTC+QBC+CATT_8_Dilution+ YasaBonga
0,794558.410555454,1671780.14820515,2458686.29583986,CATT_wb+CTC+QBC+CATT_8_Dilution+ Kwamouth
0,240457.026470953,505379.029837045,743359.654652116,CATT_wb+CTC+QBC+CATT_8_Dilution+ Mosango
0,1864665.02251391,3926486.38808371,5778781.50362296,CATT_wb+MaECT+CATT_8_Dilution+ YasaBonga
0,1456044.40365601,3064793.99275879,4508644.40614762,CATT_wb+MaECT+CATT_8_Dilution+ Kwamouth
0,442215.43667576,929773.333963152,1367907.83570732,CATT_wb+MaECT+CATT_8_Dilution+ Mosango
0,1845567.08951916,3836507.27033211,5596043.23338033,CATT_wb+MaECT+MaECT_bc+CATT_8_Dilution+ YasaBonga
0,1282905.69305392,2651032.45866085,3849253.64999555,CATT_wb+MaECT+MaECT_bc+CATT_8_Dilution+ Kwamouth
0,324069.236666172,667003.054368389,968575.850645152,CATT_wb+MaECT+MaECT_bc+CATT_8_Dilution+ Mosango
0,1169210.8304753,2448854.21053959,3590747.08015341,CATT_wb+MaECT+QBC+CATT_8_Dilution+ YasaBonga
0,871037.910106226,1820348.96520929,2664487.12136845,CATT_wb+MaECT+QBC+CATT_8_Dilution+ Kwamouth
0,247157.948243874,515849.655908129,755554.62374822,CATT_wb+MaECT+QBC+CATT_8_Dilution+ Mosango
0,1284933.10255813,2703129.66768019,3975689.91965638,CATT_wb+MaECT_bc+CATT_8_Dilution+ YasaBonga
0,995171.509301741,2092144.86215921,3075134.00132873,CATT_wb+MaECT_bc+CATT_8_Dilution+ Kwamouth
0,298858.590924584,627616.717660252,922708.149777696,CATT_wb+MaECT_bc+CATT_8_Dilution+ Mosango
0,872417.480367825,1822821.01558477,2668311.66657956,CATT_wb+MaECT_bc+QBC+CATT_8_Dilution+ YasaBonga
0,635952.433253664,1324473.13626355,1933922.40827729,CATT_wb+MaECT_bc+QBC+CATT_8_Dilution+ Kwamouth
0,174384.809135747,362538.562459239,529731.26612052,CATT_wb+MaECT_bc+QBC+CATT_8_Dilution+ Mosango
0,647365.897619453,1363129.01383045,2006125.30108868,CATT_wb+QBC+CATT_8_Dilution+ YasaBonga
0,505339.842597288,1063627.75785777,1564660.01539788,CATT_wb+QBC+CATT_8_Dilution+ Kwamouth
0,153409.124505572,322533.248775062,474506.568867729,CATT_wb+QBC+CATT_8_Dilution+ Mosango
0,900311.351225349,1896963.43273661,2793002.18995132,CATT_wb+CTC+CATT_16_Dilution + YasaBonga
0,706462.014310414,1488139.42315451,2190363.66504536,CATT_wb+CTC+CATT_16_Dilution + Kwamouth
0,215970.623061458,454401.245121202,668804.48295901,CATT_wb+CTC+CATT_16_Dilution + Mosango
0,1080189.44315878,2260687.17401432,3313090.61281696,CATT_wb+CTC+MaECT+CATT_16_Dilution + YasaBonga
0,798809.701350041,1667582.6029827,2438981.29897155,CATT_wb+CTC+MaECT+CATT_16_Dilution + Kwamouth
0,224061.991280626,467049.489362354,683539.483603069,CATT_wb+CTC+MaECT+CATT_16_Dilution + Mosango
0,895446.042078278,1871046.89650571,2739015.68652252,CATT_wb+CTC+MaECT_bc+CATT_16_Dilution + YasaBonga
0,652912.740729984,1359893.99386705,1985738.85407117,CATT_wb+CTC+MaECT_bc+CATT_16_Dilution + Kwamouth
0,179098.316306427,372358.231819882,544095.569949745,CATT_wb+CTC+MaECT_bc+CATT_16_Dilution + Mosango
0,950190.21120588,1999055.48699974,2940285.85463161,CATT_wb+CTC+QBC+CATT_16_Dilution + YasaBonga
0,736229.296532999,1547893.49992393,2275289.79595573,CATT_wb+CTC+QBC+CATT_16_Dilution + Kwamouth
0,221219.725770299,464601.929475242,683073.1009965,CATT_wb+CTC+QBC+CATT_16_Dilution + Mosango
0,1801021.31988106,3790913.87037155,5577675.6715874,CATT_wb+MaECT+CATT_16_Dilution + YasaBonga
0,1401028.02043283,2947422.36153578,4334354.06831628,CATT_wb+MaECT+CATT_16_Dilution + Kwamouth
0,423273.177834467,889468.67606922,1308181.78102257,CATT_wb+MaECT+CATT_16_Dilution + Mosango
0,1875922.09996755,3890923.43998473,5666516.62073216,CATT_wb+MaECT+MaECT_bc+CATT_16_Dilution + YasaBonga
0,1276120.46437326,2627303.92260221,3804630.30538138,CATT_wb+MaECT+MaECT_bc+CATT_16_Dilution + Kwamouth
0,309352.824236156,633296.438555779,916530.571070442,CATT_wb+MaECT+MaECT_bc+CATT_16_Dilution + Mosango
0,1124280.82371653,2351051.00295123,3443576.46635962,CATT_wb+MaECT+QBC+CATT_16_Dilution + YasaBonga
0,825597.361606253,1721523.66449564,2515830.88722178,CATT_wb+MaECT+QBC+CATT_16_Dilution + Kwamouth
0,229050.074544194,476839.716515835,697328.153689036,CATT_wb+MaECT+QBC+CATT_16_Dilution + Mosango
0,1220940.34941696,2566775.10251369,3773388.43120348,CATT_wb+MaECT_bc+CATT_16_Dilution + YasaBonga
0,939948.943469721,1974308.17569862,2900134.22480519,CATT_wb+MaECT_bc+CATT_16_Dilution + Kwamouth
0,279898.142973953,587277.00472524,862936.188612231,CATT_wb+MaECT_bc+CATT_16_Dilution + Mosango
0,876426.308347091,1828320.24344483,2673428.79790132,CATT_wb+MaECT_bc+QBC+CATT_16_Dilution + YasaBonga
0,629642.818895845,1308267.46084523,1907073.88689943,CATT_wb+MaECT_bc+QBC+CATT_16_Dilution + Kwamouth
0,168549.947955095,349414.505169435,509662.605668434,CATT_wb+MaECT_bc+QBC+CATT_16_Dilution + Mosango
0,510932.465665359,1074820.72901354,1580780.3545874,CATT_wb+QBC+CATT_16_Dilution + YasaBonga
0,395421.987550347,831246.34376577,1221750.85807007,CATT_wb+QBC+CATT_16_Dilution + Kwamouth
0,118612.620924229,249067.390220128,366149.107707214,CATT_wb+QBC+CATT_16_Dilution + Mosango
0,636307.360758383,1340519.57412008,1973535.20465427,RDT1_SD+CTC+CATT_4_Dilution+ YasaBonga
0,498939.535626939,1050832.47781286,1546534.82934047,RDT1_SD+CTC+CATT_4_Dilution+ Kwamouth
0,152397.704049754,320608.437147263,471854.749810608,RDT1_SD+CTC+CATT_4_Dilution+ Mosango
0,765992.517978195,1602690.48983438,2348350.34461627,RDT1_SD+CTC+MaECT+CATT_4_Dilution+ YasaBonga
0,565498.111525196,1180111.25433796,1725597.03177319,RDT1_SD+CTC+MaECT+CATT_4_Dilution+ Kwamouth
0,158229.31102866,329718.845284616,482464.152135836,RDT1_SD+CTC+MaECT+CATT_4_Dilution+ Mosango
0,663731.320487381,1387134.51341389,2030883.23626199,RDT1_SD+CTC+MaECT_bc+CATT_4_Dilution+ YasaBonga
0,484942.410257059,1010331.94435856,1475607.86415448,RDT1_SD+CTC+MaECT_bc+CATT_4_Dilution+ Kwamouth
0,133472.059070733,277601.923186817,405731.613571464,RDT1_SD+CTC+MaECT_bc+CATT_4_Dilution+ Mosango
0,725784.428678176,1527101.16572054,2246281.85104878,RDT1_SD+CTC+QBC+CATT_4_Dilution+ YasaBonga
0,562995.653883635,1183846.12679822,1740345.62688816,RDT1_SD+CTC+QBC+CATT_4_Dilution+ Kwamouth
0,169444.62529735,355922.223154653,523341.404165788,RDT1_SD+CTC+QBC+CATT_4_Dilution+ Mosango
0,1201145.46478636,2527505.15011477,3718035.3380764,RDT1_SD+MaECT+CATT_4_Dilution+ YasaBonga
0,932397.752262151,1960822.34565522,2882777.73141253,RDT1_SD+MaECT+CATT_4_Dilution+ Kwamouth
0,280898.803159355,590095.468121881,867719.578132196,RDT1_SD+MaECT+CATT_4_Dilution+ Mosango
0,1354122.23086502,2808520.10203629,4090047.50955797,RDT1_SD+MaECT+MaECT_bc+CATT_4_Dilution+ YasaBonga
0,921080.467398098,1896238.62200247,2745867.15415824,RDT1_SD+MaECT+MaECT_bc+CATT_4_Dilution+ Kwamouth
0,223269.92433216,457057.468437309,661463.046074135,RDT1_SD+MaECT+MaECT_bc+CATT_4_Dilution+ Mosango
0,851310.821410277,1780863.15535545,2609073.97274628,RDT1_SD+MaECT+QBC+CATT_4_Dilution+ YasaBonga
0,627419.372230229,1308977.35097341,1913662.11218389,RDT1_SD+MaECT+QBC+CATT_4_Dilution+ Kwamouth
0,175089.282107899,364740.440611494,533610.448750612,RDT1_SD+MaECT+QBC+CATT_4_Dilution+ Mosango
0,881782.839720628,1853655.03128818,2724926.95576343,RDT1_SD+MaECT_bc+CATT_4_Dilution+ YasaBonga
0,678665.64042529,1425397.88761847,2093721.98219793,RDT1_SD+MaECT_bc+CATT_4_Dilution+ Kwamouth
0,202030.484571144,423877.187869316,622824.061605527,RDT1_SD+MaECT_bc+CATT_4_Dilution+ Mosango
0,663215.078396724,1384200.56599817,2024698.92537523,RDT1_SD+MaECT_bc+QBC+CATT_4_Dilution+ YasaBonga
0,478669.906284907,995299.242186848,1451611.81815204,RDT1_SD+MaECT_bc+QBC+CATT_4_Dilution+ Kwamouth
0,129135.081087074,267950.508322419,391059.778761334,RDT1_SD+MaECT_bc+QBC+CATT_4_Dilution+ Mosango
0,488711.56203056,1028771.21750596,1513759.86730302,RDT1_SD+QBC+CATT_4_Dilution+ YasaBonga
0,380646.359109613,800896.219436741,1177880.81251265,RDT1_SD+QBC+CATT_4_Dilution+ Kwamouth
0,115209.323824593,242142.747284946,356169.052942415,RDT1_SD+QBC+CATT_4_Dilution+ Mosango
0,628640.487186757,1324020.93079091,1948893.43463797,RDT1_SD+CTC+CATT_8_Dilution+ YasaBonga
0,491679.516706549,1035189.67223828,1523146.57781196,RDT1_SD+CTC+CATT_8_Dilution+ Kwamouth
0,149653.803659978,314725.719177247,463097.24384297,RDT1_SD+CTC+CATT_8_Dilution+ Mosango
0,783934.138867935,1637994.50922193,2397802.90469403,RDT1_SD+CTC+MaECT+CATT_8_Dilution+ YasaBonga
0,571392.586038952,1190047.70426566,1737667.30687682,RDT1_SD+CTC+MaECT+CATT_8_Dilution+ Kwamouth
0,156638.165097108,325639.939943998,475809.469588958,RDT1_SD+CTC+MaECT+CATT_8_Dilution+ Mosango
0,681061.38687352,1421149.21908381,2078438.84530404,RDT1_SD+CTC+MaECT_bc+CATT_8_Dilution+ YasaBonga
0,490504.254872615,1019577.70638584,1486676.13494003,RDT1_SD+CTC+MaECT_bc+CATT_8_Dilution+ Kwamouth
0,131851.626506088,273472.66679998,399014.814847534,RDT1_SD+CTC+MaECT_bc+CATT_8_Dilution+ Mosango
0,697058.475540173,1465691.90142052,2154972.14836559,RDT1_SD+CTC+QBC+CATT_8_Dilution+ YasaBonga
0,537560.424399014,1129390.80650389,1659290.55111116,RDT1_SD+CTC+QBC+CATT_8_Dilution+ Kwamouth
0,160468.775043419,336778.518994364,494934.695987222,RDT1_SD+CTC+QBC+CATT_8_Dilution+ Mosango
0,1178691.32457952,2478845.69274308,3645024.7973871,RDT1_SD+MaECT+CATT_8_Dilution+ YasaBonga
0,910209.41352619,1912733.12692893,2810600.6676874,RDT1_SD+MaECT+CATT_8_Dilution+ Kwamouth
0,272209.722135727,571407.453129044,839850.094617695,RDT1_SD+MaECT+CATT_8_Dilution+ Mosango
0,1424547.25334974,2947580.50051106,4285371.61963325,RDT1_SD+MaECT+MaECT_bc+CATT_8_Dilution+ YasaBonga
0,946543.135119558,1940676.15144891,2801819.62608715,RDT1_SD+MaECT+MaECT_bc+CATT_8_Dilution+ Kwamouth
0,218756.002647268,444888.993832276,641183.53787012,RDT1_SD+MaECT+MaECT_bc+CATT_8_Dilution+ Mosango
0,847365.235792353,1769572.86805539,2589441.10134245,RDT1_SD+MaECT+QBC+CATT_8_Dilution+ YasaBonga
0,614709.944891217,1279260.50522873,1866892.27344437,RDT1_SD+MaECT+QBC+CATT_8_Dilution+ Kwamouth
0,167228.457686792,347340.71377012,507236.262849966,RDT1_SD+MaECT+QBC+CATT_8_Dilution+ Mosango
0,858996.372538041,1804264.82824941,2650812.90285915,RDT1_SD+MaECT_bc+CATT_8_Dilution+ YasaBonga
0,656285.847558269,1376888.5123279,2020914.19330709,RDT1_SD+MaECT_bc+CATT_8_Dilution+ Kwamouth
0,193324.563952236,405157.872382106,594914.33857223,RDT1_SD+MaECT_bc+CATT_8_Dilution+ Mosango
0,682300.371904162,1421541.78851184,2076777.10450551,RDT1_SD+MaECT_bc+QBC+CATT_8_Dilution+ YasaBonga
0,484468.78600466,1004681.77017001,1462510.436929,RDT1_SD+MaECT_bc+QBC+CATT_8_Dilution+ Kwamouth
0,127120.354149941,262888.904865595,382880.194810663,RDT1_SD+MaECT_bc+QBC+CATT_8_Dilution+ Mosango
0,479815.034764269,1009608.07265617,1485121.08741203,RDT1_SD+QBC+CATT_8_Dilution+ YasaBonga
0,372240.822005528,782771.005635,1150769.14634942,RDT1_SD+QBC+CATT_8_Dilution+ Kwamouth
0,112044.848727831,235358.145066589,346069.790976133,RDT1_SD+QBC+CATT_8_Dilution+ Mosango
0,619281.045250483,1303960.68241076,1919012.00022731,RDT1_SD+CTC+CATT_16_Dilution + YasaBonga
0,483051.076677773,1016665.53810953,1495517.0816413,RDT1_SD+CTC+CATT_16_Dilution + Kwamouth
0,146470.666912841,307916.029675209,452972.159608308,RDT1_SD+CTC+CATT_16_Dilution + Mosango
0,800732.595604388,1670858.50038845,2443631.41008112,RDT1_SD+CTC+MaECT+CATT_16_Dilution + YasaBonga
0,576203.83644593,1197666.83418274,1746287.38280013,RDT1_SD+CTC+MaECT+CATT_16_Dilution + Kwamouth
0,154632.567510477,320673.911382747,467834.385358931,RDT1_SD+CTC+MaECT+CATT_16_Dilution + Mosango
0,697221.009099589,1452652.63118819,2122250.19243398,RDT1_SD+CTC+MaECT_bc+CATT_16_Dilution + YasaBonga
0,494964.403636201,1026453.48552256,1494204.53116121,RDT1_SD+CTC+MaECT_bc+CATT_16_Dilution + Kwamouth
0,129815.21664768,268452.16268184,390971.475988141,RDT1_SD+CTC+MaECT_bc+CATT_16_Dilution + Mosango
0,662794.794978908,1392587.74996909,2046416.33507367,RDT1_SD+CTC+QBC+CATT_16_Dilution + YasaBonga
0,507664.884667643,1065511.89275255,1564335.23825341,RDT1_SD+CTC+QBC+CATT_16_Dilution + Kwamouth
0,150079.746438776,314651.70970733,462128.232469344,RDT1_SD+CTC+QBC+CATT_16_Dilution + Mosango
0,1150851.4647755,2418823.42845334,3555269.12878198,RDT1_SD+MaECT+CATT_16_Dilution + YasaBonga
0,883647.945265338,1855412.59130629,2724813.07813255,RDT1_SD+MaECT+CATT_16_Dilution + Kwamouth
0,262115.587082126,549751.611180904,807600.74891961,RDT1_SD+MaECT+CATT_16_Dilution + Mosango
0,1491526.50661292,3079201.96957271,4469557.34068423,RDT1_SD+MaECT+MaECT_bc+CATT_16_Dilution + YasaBonga
0,968631.995072035,1977810.49052087,2846819.0477359,RDT1_SD+MaECT+MaECT_bc+CATT_16_Dilution + Kwamouth
0,212924.296490429,429887.846620363,616680.660757263,RDT1_SD+MaECT+MaECT_bc+CATT_16_Dilution + Mosango
0,838410.985237747,1747665.87098901,2554112.74234932,RDT1_SD+MaECT+QBC+CATT_16_Dilution + YasaBonga
0,597815.595896013,1240660.6781844,1806978.28822373,RDT1_SD+MaECT+QBC+CATT_16_Dilution + Kwamouth
0,157978.602471442,326996.438628008,476507.742700676,RDT1_SD+MaECT+QBC+CATT_16_Dilution + Mosango
0,830801.070670409,1743445.72501382,2559837.55258681,RDT1_SD+MaECT_bc+CATT_16_Dilution + YasaBonga
0,629514.526311792,1319092.81459552,1934400.24863522,RDT1_SD+MaECT_bc+CATT_16_Dilution + Kwamouth
0,183211.847447074,383466.021481271,562617.761661049,RDT1_SD+MaECT_bc+CATT_16_Dilution + Mosango
0,699943.385101228,1455788.00107742,2124240.04975646,RDT1_SD+MaECT_bc+QBC+CATT_16_Dilution + YasaBonga
0,488925.980743613,1011176.50284578,1469094.71996839,RDT1_SD+MaECT_bc+QBC+CATT_16_Dilution + Kwamouth
0,124605.758214642,256756.758291187,373107.984528835,RDT1_SD+MaECT_bc+QBC+CATT_16_Dilution + Mosango
0,923563.947399768,1945696.24253049,2864492.71956267,RDT1_SD+QBC+CATT_16_Dilution + YasaBonga
0,724037.776482033,1524915.70974539,2244245.4872655,RDT1_SD+QBC+CATT_16_Dilution + Kwamouth
0,221079.563752867,465088.0833423,684480.616519702,RDT1_SD+QBC+CATT_16_Dilution + Mosango
