,Cost2030,Cost2040,Cost2050,name
0,593109.299106165,1249327.97098906,1839094.62560904,CATT_wb+CTC+CATT_4_Dilution+ YasaBonga
0,464495.541636305,978103.714931659,1439309.06451762,CATT_wb+CTC+CATT_4_Dilution+ Kwamouth
0,141632.064539089,297905.912997451,438393.972187739,CATT_wb+CTC+CATT_4_Dilution+ Mosango
0,880067.935903903,1851813.72892822,2724009.61541025,CATT_wb+CTC+MaECT+CATT_4_Dilution+ YasaBonga
0,683065.089571887,1436412.88292917,2111734.76185119,CATT_wb+CTC+MaECT+CATT_4_Dilution+ Kwamouth
0,205726.652961867,432161.534252284,635467.081051039,CATT_wb+CTC+MaECT+CATT_4_Dilution+ Mosango
0,877224.656749336,1846061.85305569,2715782.23667758,CATT_wb+CTC+MaECT_bc+CATT_4_Dilution+ YasaBonga
0,681602.02078169,1433567.64400045,2107790.15066681,CATT_wb+CTC+MaECT_bc+CATT_4_Dilution+ Kwamouth
0,205598.143062036,431960.309821872,635232.392145107,CATT_wb+CTC+MaECT_bc+CATT_4_Dilution+ Mosango
0,663416.739092073,1397809.14688882,2058058.62832001,CATT_wb+CTC+QBC+CATT_4_Dilution+ YasaBonga
0,520811.401672937,1097073.58354792,1614771.84658235,CATT_wb+CTC+QBC+CATT_4_Dilution+ Kwamouth
0,159326.416206603,335237.108093371,493430.928376625,CATT_wb+CTC+QBC+CATT_4_Dilution+ Mosango
0,871687.285230165,1832331.03852674,2693480.68851583,CATT_wb+MaECT+CATT_4_Dilution+ YasaBonga
0,670675.338799639,1408510.89187372,2068813.83260291,CATT_wb+MaECT+CATT_4_Dilution+ Kwamouth
0,199530.567065358,418601.04557943,615043.103812991,CATT_wb+MaECT+CATT_4_Dilution+ Mosango
0,1797280.65569265,3775091.9105857,5546372.6238203,CATT_wb+MaECT+MaECT_bc+CATT_4_Dilution+ YasaBonga
0,1373861.21345203,2882404.73514739,4230688.97404453,CATT_wb+MaECT+MaECT_bc+CATT_4_Dilution+ Kwamouth
0,404962.366361177,848732.047423154,1246273.19421335,CATT_wb+MaECT+MaECT_bc+CATT_4_Dilution+ Mosango
0,1096012.62032911,2306156.69100982,3392304.04509662,CATT_wb+MaECT+QBC+CATT_4_Dilution+ YasaBonga
0,850553.063228824,1788581.52360842,2629432.26276964,CATT_wb+MaECT+QBC+CATT_4_Dilution+ Kwamouth
0,256122.907400406,538015.765599499,791109.597995356,CATT_wb+MaECT+QBC+CATT_4_Dilution+ Mosango
0,870211.069027945,1829330.51660268,2689174.60690584,CATT_wb+MaECT_bc+CATT_4_Dilution+ YasaBonga
0,669910.805571977,1407012.25721017,2066724.45779683,CATT_wb+MaECT_bc+CATT_4_Dilution+ Kwamouth
0,199463.383852492,418494.611194926,614918.062904577,CATT_wb+MaECT_bc+CATT_4_Dilution+ Mosango
0,1094637.57312365,2303374.70107138,3388324.06299419,CATT_wb+MaECT_bc+QBC+CATT_4_Dilution+ YasaBonga
0,849845.517306493,1787204.68851481,2627522.63707746,CATT_wb+MaECT_bc+QBC+CATT_4_Dilution+ Kwamouth
0,256060.741611839,537918.367565924,790995.951043866,CATT_wb+MaECT_bc+QBC+CATT_4_Dilution+ Mosango
0,615916.53378907,1297199.89627992,1909394.4994462,CATT_wb+QBC+CATT_4_Dilution+ YasaBonga
0,481842.087075301,1014464.96045156,1492645.91215413,CATT_wb+QBC+CATT_4_Dilution+ Kwamouth
0,146709.428432367,308538.570909069,453999.45494843,CATT_wb+QBC+CATT_4_Dilution+ Mosango
0,593187.761892729,1249610.06775682,1839624.00715039,CATT_wb+CTC+CATT_8_Dilution+ YasaBonga
0,464579.259997797,978372.501828475,1439789.03597577,CATT_wb+CTC+CATT_8_Dilution+ Kwamouth
0,141639.59558882,297928.701778248,438428.964299555,CATT_wb+CTC+CATT_8_Dilution+ Mosango
0,880113.485497563,1851977.59631559,2724317.14811156,CATT_wb+CTC+MaECT+CATT_8_Dilution+ YasaBonga
0,683113.63657509,1436568.30752833,2112011.69238406,CATT_wb+CTC+MaECT+CATT_8_Dilution+ Kwamouth
0,205731.027280443,432174.70636939,635487.223258649,CATT_wb+CTC+MaECT+CATT_8_Dilution+ Mosango
0,877241.830833938,1846123.17213427,2715897.12849603,CATT_wb+CTC+MaECT_bc+CATT_8_Dilution+ YasaBonga
0,681620.134020148,1433625.56209772,2107893.34995232,CATT_wb+CTC+MaECT_bc+CATT_8_Dilution+ Kwamouth
0,205599.785866523,431965.218894198,635239.891489173,CATT_wb+CTC+MaECT_bc+CATT_8_Dilution+ Mosango
0,663433.019369864,1397867.71616184,2058168.54626669,CATT_wb+CTC+QBC+CATT_8_Dilution+ YasaBonga
0,520828.753281032,1097129.13521033,1614870.82674094,CATT_wb+CTC+QBC+CATT_8_Dilution+ Kwamouth
0,159327.979669981,335241.816054701,493438.127578832,CATT_wb+CTC+QBC+CATT_8_Dilution+ Mosango
0,871828.791965496,1832839.52597581,2694434.61983671,CATT_wb+MaECT+CATT_8_Dilution+ YasaBonga
0,670826.092422847,1408993.81071034,2069675.16536022,CATT_wb+MaECT+CATT_8_Dilution+ Kwamouth
0,199544.170749771,418641.989928316,615105.80910029,CATT_wb+MaECT+CATT_8_Dilution+ Mosango
0,1797313.03934147,3775207.65953291,5546588.86062425,CATT_wb+MaECT+MaECT_bc+CATT_8_Dilution+ YasaBonga
0,1373895.1346834,2882513.69722829,4230883.06545316,CATT_wb+MaECT+MaECT_bc+CATT_8_Dilution+ Kwamouth
0,404965.442906322,848741.270723181,1246287.28318032,CATT_wb+MaECT+MaECT_bc+CATT_8_Dilution+ Mosango
0,1096041.68081544,2306262.3064692,3392502.25052894,CATT_wb+MaECT+QBC+CATT_8_Dilution+ YasaBonga
0,850584.532518677,1788681.96942306,2629611.03111128,CATT_wb+MaECT+QBC+CATT_8_Dilution+ Kwamouth
0,256125.731544217,538024.269292661,791122.596179607,CATT_wb+MaECT+QBC+CATT_8_Dilution+ Mosango
0,870265.476336255,1829526.59457646,2689542.20063391,CATT_wb+MaECT_bc+CATT_8_Dilution+ YasaBonga
0,669968.896811326,1407197.89177551,2067055.36556942,CATT_wb+MaECT_bc+CATT_8_Dilution+ Kwamouth
0,199468.621474474,418510.3592313,614942.138923717,CATT_wb+MaECT_bc+CATT_8_Dilution+ Mosango
0,1094649.06312834,2303415.76982044,3388400.78572257,CATT_wb+MaECT_bc+QBC+CATT_8_Dilution+ YasaBonga
0,849857.552859062,1787243.34922374,2627591.50242394,CATT_wb+MaECT_bc+QBC+CATT_8_Dilution+ Kwamouth
0,256061.833197236,537921.640074257,791000.949933817,CATT_wb+MaECT_bc+QBC+CATT_8_Dilution+ Mosango
0,615961.937570177,1297363.04931132,1909700.57737798,CATT_wb+QBC+CATT_8_Dilution+ YasaBonga
0,481890.457808279,1014619.90955061,1492922.27895662,CATT_wb+QBC+CATT_8_Dilution+ Kwamouth
0,146713.79330382,308551.708292601,454019.574535898,CATT_wb+QBC+CATT_8_Dilution+ Mosango
0,593268.49354669,1249901.26329912,1840171.46189153,CATT_wb+CTC+CATT_16_Dilution + YasaBonga
0,464665.999738267,978653.161618881,1440292.48802434,CATT_wb+CTC+CATT_16_Dilution + Kwamouth
0,141647.378697253,297952.507656496,438465.846887205,CATT_wb+CTC+CATT_16_Dilution + Mosango
0,880160.490061814,1852145.99113881,2724632.5829329,CATT_wb+CTC+MaECT+CATT_16_Dilution + YasaBonga
0,683163.475515823,1436728.03413615,2112296.6040293,CATT_wb+CTC+MaECT+CATT_16_Dilution + Kwamouth
0,205735.48963176,432188.222287773,635507.941455829,CATT_wb+CTC+MaECT+CATT_16_Dilution + Mosango
0,877258.803481155,1846185.25946752,2716013.87257677,CATT_wb+CTC+MaECT_bc+CATT_16_Dilution + YasaBonga
0,681638.655075157,1433684.83793366,2107998.90216847,CATT_wb+CTC+MaECT_bc+CATT_16_Dilution + Kwamouth
0,205601.470087278,431970.264471029,635247.59454457,CATT_wb+CTC+MaECT_bc+CATT_16_Dilution + Mosango
0,663449.819681392,1397927.90362523,2058281.28857905,CATT_wb+CTC+QBC+CATT_16_Dilution + YasaBonga
0,520846.566651794,1097186.2244912,1614972.65949855,CATT_wb+CTC+QBC+CATT_16_Dilution + Kwamouth
0,159329.574597909,335246.646897047,493445.532650498,CATT_wb+CTC+QBC+CATT_16_Dilution + Mosango
0,871974.401149944,1833362.38653653,2695415.70374322,CATT_wb+MaECT+CATT_16_Dilution + YasaBonga
0,670981.286912096,1409492.75917536,2070567.03118333,CATT_wb+MaECT+CATT_16_Dilution + Kwamouth
0,199558.103378085,418684.285624257,615170.886548107,CATT_wb+MaECT+CATT_16_Dilution + Mosango
0,1797348.0257317,3775327.47080622,5546811.66150739,CATT_wb+MaECT+MaECT_bc+CATT_16_Dilution + YasaBonga
0,1373930.04904573,2882625.30535321,4231081.78650217,CATT_wb+MaECT+MaECT_bc+CATT_16_Dilution + Kwamouth
0,404968.625415591,848750.773684363,1246301.77460038,CATT_wb+MaECT+MaECT_bc+CATT_16_Dilution + Mosango
0,1096071.81268273,2306370.50345935,3392705.37867514,CATT_wb+MaECT+QBC+CATT_16_Dilution + YasaBonga
0,850616.60146677,1788784.63150609,2629794.17138667,CATT_wb+MaECT+QBC+CATT_16_Dilution + Kwamouth
0,256128.629173211,538032.989070978,791135.925359632,CATT_wb+MaECT+QBC+CATT_16_Dilution + Mosango
0,870320.78256138,1829726.35430551,2689917.81517268,CATT_wb+MaECT_bc+CATT_16_Dilution + YasaBonga
0,670028.28846636,1407388.39665591,2067395.03838085,CATT_wb+MaECT_bc+CATT_16_Dilution + Kwamouth
0,199473.978595627,418526.521983279,614966.884822455,CATT_wb+MaECT_bc+CATT_16_Dilution + Mosango
0,1094661.47660868,2303458.27991868,3388479.83744424,CATT_wb+MaECT_bc+QBC+CATT_16_Dilution + YasaBonga
0,849869.940783265,1787282.94877246,2627662.01040772,CATT_wb+MaECT_bc+QBC+CATT_16_Dilution + Kwamouth
0,256062.962379641,537925.011808838,791006.091617678,CATT_wb+MaECT_bc+QBC+CATT_16_Dilution + Mosango
0,616008.657661079,1297530.81409222,1910015.36747497,CATT_wb+QBC+CATT_16_Dilution + YasaBonga
0,481940.253435338,1014780.00190831,1493208.44258349,CATT_wb+QBC+CATT_16_Dilution + Kwamouth
0,146718.263720049,308565.27926868,454040.455253616,CATT_wb+QBC+CATT_16_Dilution + Mosango
0,434162.842462542,913969.620962125,1344866.01171278,RDT1_SD+CTC+CATT_4_Dilution+ YasaBonga
0,338259.649641942,711737.20700363,1046780.49606546,RDT1_SD+CTC+CATT_4_Dilution+ Kwamouth
0,102412.032762968,215252.160026095,316620.673638928,RDT1_SD+CTC+CATT_4_Dilution+ Mosango
0,607935.498484551,1277560.40969243,1877627.04668287,RDT1_SD+CTC+MaECT+CATT_4_Dilution+ YasaBonga
0,466666.045283536,979712.328068581,1438636.51451774,RDT1_SD+CTC+MaECT+CATT_4_Dilution+ Kwamouth
0,138383.588575044,290216.518240156,426319.317981252,RDT1_SD+CTC+MaECT+CATT_4_Dilution+ Mosango
0,605067.055105163,1271757.84008602,1869327.25304222,RDT1_SD+CTC+MaECT_bc+CATT_4_Dilution+ YasaBonga
0,465190.137146296,976842.088280394,1434657.14643077,RDT1_SD+CTC+MaECT_bc+CATT_4_Dilution+ Kwamouth
0,138253.941563241,290013.492604594,426082.531210875,RDT1_SD+CTC+MaECT_bc+CATT_4_Dilution+ Mosango
0,472234.599199283,994421.53896802,1463557.16725203,RDT1_SD+CTC+QBC+CATT_4_Dilution+ YasaBonga
0,368924.470788904,776566.301534756,1142443.52864944,RDT1_SD+CTC+QBC+CATT_4_Dilution+ Kwamouth
0,112116.791169416,235741.448531869,346840.719585877,RDT1_SD+CTC+QBC+CATT_4_Dilution+ Mosango
0,612644.204126463,1285685.77476039,1887775.99561509,RDT1_SD+MaECT+CATT_4_Dilution+ YasaBonga
0,464643.295520199,973676.358112998,1427929.23880899,RDT1_SD+MaECT+CATT_4_Dilution+ Kwamouth
0,135396.576660218,283416.330024803,415853.019686505,RDT1_SD+MaECT+CATT_4_Dilution+ Mosango
0,1176109.6280163,2464119.14512604,3613970.85837541,RDT1_SD+MaECT+MaECT_bc+CATT_4_Dilution+ YasaBonga
0,879342.834358767,1838571.1630483,2692078.68373072,RDT1_SD+MaECT+MaECT_bc+CATT_4_Dilution+ Kwamouth
0,250838.389250313,523821.598807788,767492.69233613,RDT1_SD+MaECT+MaECT_bc+CATT_4_Dilution+ Mosango
0,733810.606665473,1541808.55464499,2265713.29532698,RDT1_SD+MaECT+QBC+CATT_4_Dilution+ YasaBonga
0,562435.574297928,1180492.75594848,1733183.41958034,RDT1_SD+MaECT+QBC+CATT_4_Dilution+ Kwamouth
0,166422.158866954,348937.085574153,512505.71890033,RDT1_SD+MaECT+QBC+CATT_4_Dilution+ Mosango
0,611155.099446772,1282658.97318853,1883432.30232798,RDT1_SD+MaECT_bc+CATT_4_Dilution+ YasaBonga
0,463871.974649765,972164.556678558,1425821.44515416,RDT1_SD+MaECT_bc+CATT_4_Dilution+ Kwamouth
0,135328.763106555,283308.971111559,415726.887049008,RDT1_SD+MaECT_bc+CATT_4_Dilution+ Mosango
0,732423.322571766,1539001.77956074,2261697.92223617,RDT1_SD+MaECT_bc+QBC+CATT_4_Dilution+ YasaBonga
0,561721.739059799,1179103.6913467,1731256.92098912,RDT1_SD+MaECT_bc+QBC+CATT_4_Dilution+ Kwamouth
0,166359.458809646,348838.836659493,512391.07207437,RDT1_SD+MaECT_bc+QBC+CATT_4_Dilution+ Mosango
0,448011.710385374,942933.533411919,1387293.54867694,RDT1_SD+QBC+CATT_4_Dilution+ YasaBonga
0,348469.839758523,733033.450343143,1077910.0509984,RDT1_SD+QBC+CATT_4_Dilution+ Kwamouth
0,105263.389457234,221191.708796317,325310.150767536,RDT1_SD+QBC+CATT_4_Dilution+ Mosango
0,434242.427350137,914255.267671773,1345401.85716445,RDT1_SD+CTC+CATT_8_Dilution+ YasaBonga
0,338344.35247899,712009.16392109,1047266.08340519,RDT1_SD+CTC+CATT_8_Dilution+ Kwamouth
0,102419.651572575,215275.207972263,316656.06335208,RDT1_SD+CTC+CATT_8_Dilution+ Mosango
0,607981.294080098,1277726.94815872,1877940.16262327,RDT1_SD+CTC+MaECT+CATT_8_Dilution+ YasaBonga
0,466715.641441714,979870.985626708,1438919.28336554,RDT1_SD+CTC+MaECT+CATT_8_Dilution+ Kwamouth
0,138388.070684535,290229.980104506,426339.891234886,RDT1_SD+CTC+MaECT+CATT_8_Dilution+ Mosango
0,605084.809111597,1271820.64623691,1869444.74422433,RDT1_SD+CTC+MaECT_bc+CATT_8_Dilution+ YasaBonga
0,465208.752300517,976901.375619329,1434762.80520269,RDT1_SD+CTC+MaECT_bc+CATT_8_Dilution+ Kwamouth
0,138255.63671301,290018.54907887,426090.232411604,RDT1_SD+CTC+MaECT_bc+CATT_8_Dilution+ Mosango
0,472251.14455402,994481.707156012,1463670.29198041,RDT1_SD+CTC+QBC+CATT_8_Dilution+ YasaBonga
0,368942.389237629,776623.622452837,1142545.68936685,RDT1_SD+CTC+QBC+CATT_8_Dilution+ Kwamouth
0,112118.410497446,235746.312128869,346848.152435595,RDT1_SD+CTC+QBC+CATT_8_Dilution+ Mosango
0,612786.661400131,1286199.00364564,1888739.08558308,RDT1_SD+MaECT+CATT_8_Dilution+ YasaBonga
0,464795.528977644,974164.062549558,1428799.04163213,RDT1_SD+MaECT+CATT_8_Dilution+ Kwamouth
0,135410.297632435,283457.703160398,415916.363395535,RDT1_SD+MaECT+CATT_8_Dilution+ Mosango
0,1176142.55636991,2464236.55520272,3614190.71641975,RDT1_SD+MaECT+MaECT_bc+CATT_8_Dilution+ YasaBonga
0,879377.659025789,1838682.4126797,2692276.47435866,RDT1_SD+MaECT+MaECT_bc+CATT_8_Dilution+ Kwamouth
0,250841.472440346,523830.980141409,767507.03310171,RDT1_SD+MaECT+MaECT_bc+CATT_8_Dilution+ Mosango
0,733840.389040913,1541917.03369457,2265916.93571931,RDT1_SD+MaECT+QBC+CATT_8_Dilution+ YasaBonga
0,562467.881812181,1180595.87233822,1733367.12584991,RDT1_SD+MaECT+QBC+CATT_8_Dilution+ Kwamouth
0,166425.07586346,348945.841872596,512519.093569478,RDT1_SD+MaECT+QBC+CATT_8_Dilution+ Mosango
0,611210.171448221,1282856.90836192,1883803.6486207,RDT1_SD+MaECT_bc+CATT_8_Dilution+ YasaBonga
0,463930.626171485,972352.208024295,1426155.80976125,RDT1_SD+MaECT_bc+CATT_8_Dilution+ Kwamouth
0,135334.049638343,283324.872722878,415751.198758216,RDT1_SD+MaECT_bc+CATT_8_Dilution+ Mosango
0,732435.125645747,1539043.86486623,2261776.72972205,RDT1_SD+MaECT_bc+QBC+CATT_8_Dilution+ YasaBonga
0,561734.221861886,1179143.56845824,1731327.81847284,RDT1_SD+MaECT_bc+QBC+CATT_8_Dilution+ Kwamouth
0,166360.563970277,348842.199371643,512396.212480691,RDT1_SD+MaECT_bc+QBC+CATT_8_Dilution+ Mosango
0,448057.569289217,943098.74866202,1387603.58023304,RDT1_SD+QBC+CATT_8_Dilution+ YasaBonga
0,348518.845746823,733190.448931449,1078190.0521735,RDT1_SD+QBC+CATT_8_Dilution+ Kwamouth
0,105267.806421909,221205.027362635,325330.541955621,RDT1_SD+QBC+CATT_8_Dilution+ Mosango
0,434323.769921061,914549.541071069,1345955.38416579,RDT1_SD+CTC+CATT_16_Dilution + YasaBonga
0,338432.091915197,712293.048450356,1047775.27215181,RDT1_SD+CTC+CATT_16_Dilution + Kwamouth
0,102427.530286334,215299.289315358,316693.361479523,RDT1_SD+CTC+CATT_16_Dilution + Mosango
0,608029.257259765,1277898.59597222,1878261.83163789,RDT1_SD+CTC+MaECT+CATT_16_Dilution + YasaBonga
0,466766.529883258,980033.864303717,1439209.69880345,RDT1_SD+CTC+MaECT+CATT_16_Dilution + Kwamouth
0,138392.615463916,290243.733616909,426360.988163684,RDT1_SD+CTC+MaECT+CATT_16_Dilution + Mosango
0,605102.058959838,1271884.01635177,1869563.86813308,RDT1_SD+CTC+MaECT_bc+CATT_16_Dilution + YasaBonga
0,465227.603017516,976961.745913966,1434870.34725189,RDT1_SD+CTC+MaECT_bc+CATT_16_Dilution + Kwamouth
0,138257.330630533,290023.659691906,426098.057694408,RDT1_SD+CTC+MaECT_bc+CATT_16_Dilution + Mosango
0,472268.473028787,994543.721284884,1463786.50682359,RDT1_SD+CTC+QBC+CATT_16_Dilution + YasaBonga
0,368960.774571574,776682.468406426,1142650.6126981,RDT1_SD+CTC+QBC+CATT_16_Dilution + Kwamouth
0,112120.052467294,235751.281094527,346855.774482358,RDT1_SD+CTC+QBC+CATT_16_Dilution + Mosango
0,612933.103816943,1286726.26829591,1889729.27318326,RDT1_SD+MaECT+CATT_16_Dilution + YasaBonga
0,464952.195954819,974667.987063658,1429699.57718471,RDT1_SD+MaECT+CATT_16_Dilution + Kwamouth
0,135424.398653495,283500.424144786,415982.077773346,RDT1_SD+MaECT+CATT_16_Dilution + Mosango
0,1176178.39711641,2464358.6070117,3614417.37754014,RDT1_SD+MaECT+MaECT_bc+CATT_16_Dilution + YasaBonga
0,879412.998129657,1838795.37625982,2692478.20671417,RDT1_SD+MaECT+MaECT_bc+CATT_16_Dilution + Kwamouth
0,250844.771651093,523840.720413737,767521.849498619,RDT1_SD+MaECT+MaECT_bc+CATT_16_Dilution + Mosango
0,733871.451436569,1542028.37291351,2266125.80741205,RDT1_SD+MaECT+QBC+CATT_16_Dilution + YasaBonga
0,562500.815996649,1180701.30730069,1733555.21870442,RDT1_SD+MaECT+QBC+CATT_16_Dilution + Kwamouth
0,166428.050780976,348954.80717392,512532.799440673,RDT1_SD+MaECT+QBC+CATT_16_Dilution + Mosango
0,611266.335674225,1283059.47388413,1884183.58557264,RDT1_SD+MaECT_bc+CATT_16_Dilution + YasaBonga
0,463990.750430025,972544.805910679,1426499.06265899,RDT1_SD+MaECT_bc+CATT_16_Dilution + Kwamouth
0,135339.482294079,283341.2201617,415776.218916438,RDT1_SD+MaECT_bc+CATT_16_Dilution + Mosango
0,732447.972658608,1539087.61398735,2261857.97575105,RDT1_SD+MaECT_bc+QBC+CATT_16_Dilution + YasaBonga
0,561746.889062386,1179184.05992978,1731400.1288575,RDT1_SD+MaECT_bc+QBC+CATT_16_Dilution + Kwamouth
0,166361.746562913,348845.690744343,512401.523375699,RDT1_SD+MaECT_bc+QBC+CATT_16_Dilution + Mosango
0,448104.711063997,943268.482212818,1387922.33487978,RDT1_SD+QBC+CATT_16_Dilution + YasaBonga
0,348569.278944487,733352.668979896,1078479.9466257,RDT1_SD+QBC+CATT_16_Dilution + Kwamouth
0,105272.345729396,221218.779819528,325351.696293729,RDT1_SD+QBC+CATT_16_Dilution + Mosango
