,Cost2030,Cost2040,Cost2050,name
0,659636.280591731,1389685.91411314,2045937.74769717,CATT_wb+CTC+CATT_4_Dilution+iELISA+ YasaBonga
0,517292.109310789,1089504.03747531,1603467.80685689,CATT_wb+CTC+CATT_4_Dilution+iELISA+ Kwamouth
0,158028.101078049,332458.845328882,489300.344352296,CATT_wb+CTC+CATT_4_Dilution+iELISA+ Mosango
0,946143.876166738,1991278.71805201,2929593.6523023,CATT_wb+CTC+MaECT+CATT_4_Dilution+iELISA+ YasaBonga
0,735603.901592524,1547325.23635512,2275228.32610311,CATT_wb+CTC+MaECT+CATT_4_Dilution+iELISA+ Kwamouth
0,222092.812646533,466665.279786128,686312.958586707,CATT_wb+CTC+MaECT+CATT_4_Dilution+iELISA+ Mosango
0,943237.551847607,1985401.43741882,2921189.20372143,CATT_wb+CTC+MaECT_bc+CATT_4_Dilution+iELISA+ YasaBonga
0,734111.560325243,1544425.04374991,2271209.76579928,CATT_wb+CTC+MaECT_bc+CATT_4_Dilution+iELISA+ Kwamouth
0,221962.081472772,466460.877549995,686074.796542343,CATT_wb+CTC+MaECT_bc+CATT_4_Dilution+iELISA+ Mosango
0,729546.323427891,1537368.69069642,2263765.21692019,CATT_wb+CTC+QBC+CATT_4_Dilution+iELISA+ YasaBonga
0,573402.015913495,1208076.6970932,1778383.06666593,CATT_wb+CTC+QBC+CATT_4_Dilution+iELISA+ Kwamouth
0,175700.737842844,369753.845194963,544292.138110604,CATT_wb+CTC+QBC+CATT_4_Dilution+iELISA+ Mosango
0,1084827.32429406,2282005.43110784,3356151.37940853,CATT_wb+MaECT+CATT_4_Dilution+iELISA+ YasaBonga
0,839754.175300653,1765257.4887062,2594503.13778627,CATT_wb+MaECT+CATT_4_Dilution+iELISA+ Kwamouth
0,252008.252026906,529187.538355222,777964.01390414,CATT_wb+MaECT+CATT_4_Dilution+iELISA+ Mosango
0,2008513.03136559,4220971.70491679,6203677.50883249,CATT_wb+MaECT+MaECT_bc+CATT_4_Dilution+iELISA+ YasaBonga
0,1541870.82576187,3237118.97081527,4753600.51696085,CATT_wb+MaECT+MaECT_bc+CATT_4_Dilution+iELISA+ Kwamouth
0,457322.335055569,959126.664854717,1408960.4045249,CATT_wb+MaECT+MaECT_bc+CATT_4_Dilution+iELISA+ Mosango
0,1307678.10175007,2752855.12901096,4050724.61965681,CATT_wb+MaECT+QBC+CATT_4_Dilution+iELISA+ YasaBonga
0,1018865.4632748,2143839.34819177,3153058.38567279,CATT_wb+MaECT+QBC+CATT_4_Dilution+iELISA+ Kwamouth
0,308521.783331978,648470.954209358,953867.235188084,CATT_wb+MaECT+QBC+CATT_4_Dilution+iELISA+ Mosango
0,1083322.46517823,2278958.51516648,3351790.03465636,CATT_wb+MaECT_bc+CATT_4_Dilution+iELISA+ YasaBonga
0,838980.468807435,1763749.88795233,2592409.80778436,CATT_wb+MaECT_bc+CATT_4_Dilution+iELISA+ Kwamouth
0,251940.455847504,529081.13453419,777839.70624153,CATT_wb+MaECT_bc+CATT_4_Dilution+iELISA+ Mosango
0,1306298.77842727,2750065.3401102,4046734.94618883,CATT_wb+MaECT_bc+QBC+CATT_4_Dilution+iELISA+ YasaBonga
0,1018157.0445081,2142462.40236519,3151150.27833724,CATT_wb+MaECT_bc+QBC+CATT_4_Dilution+iELISA+ Kwamouth
0,308459.677134502,648373.836976606,953754.071475919,CATT_wb+MaECT_bc+QBC+CATT_4_Dilution+iELISA+ Mosango
0,695493.61895594,1465097.81291054,2156829.84413839,CATT_wb+QBC+CATT_4_Dilution+iELISA+ YasaBonga
0,545004.531816928,1147742.98628814,1689049.15244249,CATT_wb+QBC+CATT_4_Dilution+iELISA+ Kwamouth
0,166326.584453242,349880.488110182,514908.449311215,CATT_wb+QBC+CATT_4_Dilution+iELISA+ Mosango
0,642249.447636213,1352679.32186699,1991072.97739142,CATT_wb+CTC+CATT_8_Dilution+iELISA+ YasaBonga
0,502306.944442122,1057560.56602268,1556057.90058744,CATT_wb+CTC+CATT_8_Dilution+iELISA+ Kwamouth
0,152881.463589255,321512.142417323,473081.678042697,CATT_wb+CTC+CATT_8_Dilution+iELISA+ Mosango
0,925598.572261031,1947859.98178811,2865534.2413717,CATT_wb+CTC+MaECT+CATT_8_Dilution+iELISA+ YasaBonga
0,718990.118478282,1512195.78948143,2223382.84441677,CATT_wb+CTC+MaECT+CATT_8_Dilution+iELISA+ Kwamouth
0,216804.726054666,455496.111442154,669834.515264307,CATT_wb+CTC+MaECT+CATT_8_Dilution+iELISA+ Mosango
0,922108.772955892,1940786.6449658,2855403.04962467,CATT_wb+CTC+MaECT_bc+CATT_8_Dilution+iELISA+ YasaBonga
0,717192.495431549,1508688.87789587,2218509.88050908,CATT_wb+CTC+MaECT_bc+CATT_8_Dilution+iELISA+ Kwamouth
0,216647.218139681,455248.45529229,669544.899158532,CATT_wb+CTC+MaECT_bc+CATT_8_Dilution+iELISA+ Mosango
0,708990.341037564,1493912.25553825,2199635.30835585,CATT_wb+CTC+QBC+CATT_8_Dilution+iELISA+ YasaBonga
0,556777.10675425,1172911.77849611,1726474.41925311,CATT_wb+CTC+QBC+CATT_8_Dilution+iELISA+ Kwamouth
0,170411.631790794,358581.655176821,527809.092734936,CATT_wb+CTC+QBC+CATT_8_Dilution+iELISA+ Mosango
0,1031249.3264889,2167675.98086492,3186359.52687177,CATT_wb+MaECT+CATT_8_Dilution+iELISA+ YasaBonga
0,792833.699520249,1664980.51569282,2445418.25988257,CATT_wb+MaECT+CATT_8_Dilution+iELISA+ Kwamouth
0,235629.466666353,494292.985134156,726216.545026201,CATT_wb+MaECT+CATT_8_Dilution+iELISA+ Mosango
0,1941086.67638347,4078566.82492915,5993666.84214975,CATT_wb+MaECT+MaECT_bc+CATT_8_Dilution+iELISA+ YasaBonga
0,1487820.20601448,3122928.21100288,4585178.79501024,CATT_wb+MaECT+MaECT_bc+CATT_8_Dilution+iELISA+ Kwamouth
0,440322.846652993,923258.475870011,1356077.45381526,CATT_wb+MaECT+MaECT_bc+CATT_8_Dilution+iELISA+ Mosango
0,1242377.65605211,2614749.48623157,3846860.83291999,CATT_wb+MaECT+QBC+CATT_8_Dilution+iELISA+ YasaBonga
0,965907.04205147,2031769.37012428,2987573.65844109,CATT_wb+MaECT+QBC+CATT_8_Dilution+iELISA+ Kwamouth
0,291617.828059114,612752.023414201,901158.083709573,CATT_wb+MaECT+QBC+CATT_8_Dilution+iELISA+ Mosango
0,1029411.51461573,2163895.02162634,3180886.87197091,CATT_wb+MaECT_bc+CATT_8_Dilution+iELISA+ YasaBonga
0,791867.55946889,1663047.97168764,2442684.87799799,CATT_wb+MaECT_bc+CATT_8_Dilution+iELISA+ Kwamouth
0,235544.729132952,494154.816518009,726051.249420905,CATT_wb+MaECT_bc+CATT_8_Dilution+iELISA+ Mosango
0,1240924.04450266,2611798.21317007,3842629.17842466,CATT_wb+MaECT_bc+QBC+CATT_8_Dilution+iELISA+ YasaBonga
0,965156.365924564,2030301.31427004,2985530.19233657,CATT_wb+MaECT_bc+QBC+CATT_8_Dilution+iELISA+ Kwamouth
0,291552.0716164,612648.225766791,901036.426655134,CATT_wb+MaECT_bc+QBC+CATT_8_Dilution+iELISA+ Mosango
0,674439.746228819,1420280.32667134,2090380.02283078,CATT_wb+QBC+CATT_8_Dilution+iELISA+ YasaBonga
0,526934.876470901,1109222.82587081,1631879.58153863,CATT_wb+QBC+CATT_8_Dilution+iELISA+ Kwamouth
0,160156.367987107,336760.710111581,495474.962174437,CATT_wb+QBC+CATT_8_Dilution+iELISA+ Mosango
0,621701.683890456,1309013.719854,1926403.8346589,CATT_wb+CTC+CATT_16_Dilution +iELISA+ YasaBonga
0,484785.563099319,1020271.51240369,1500775.22226841,CATT_wb+CTC+CATT_16_Dilution +iELISA+ Kwamouth
0,146931.771232817,308871.588447786,454365.446295225,CATT_wb+CTC+CATT_16_Dilution +iELISA+ Mosango
0,901815.728324825,1897608.49193545,2791403.36196681,CATT_wb+CTC+MaECT+CATT_16_Dilution +iELISA+ YasaBonga
0,699794.105522026,1471615.93811377,2163503.23911084,CATT_wb+CTC+MaECT+CATT_16_Dilution +iELISA+ Kwamouth
0,210709.684246719,442625.530575387,650848.597688134,CATT_wb+CTC+MaECT+CATT_16_Dilution +iELISA+ Mosango
0,897728.686566244,1889310.93651068,2779504.37533879,CATT_wb+CTC+MaECT_bc+CATT_16_Dilution +iELISA+ YasaBonga
0,697684.333420981,1467487.53442452,2157754.29935025,CATT_wb+CTC+MaECT_bc+CATT_16_Dilution +iELISA+ Kwamouth
0,210524.783146406,442333.514314667,650506.147411563,CATT_wb+CTC+MaECT_bc+CATT_16_Dilution +iELISA+ Mosango
0,685196.536168827,1443622.20350387,2125432.29356203,CATT_wb+CTC+QBC+CATT_16_Dilution +iELISA+ YasaBonga
0,537569.875623789,1132295.77992807,1666530.35868668,CATT_wb+CTC+QBC+CATT_16_Dilution +iELISA+ Kwamouth
0,164315.58004057,345708.019437474,508818.499993591,CATT_wb+CTC+QBC+CATT_16_Dilution +iELISA+ Mosango
0,967585.017823019,2032068.40808794,2985210.19483811,CATT_wb+MaECT+CATT_16_Dilution +iELISA+ YasaBonga
0,737802.491641537,1547584.12382956,2271097.36557856,CATT_wb+MaECT+CATT_16_Dilution +iELISA+ Kwamouth
0,216681.259425204,453976.273930067,666472.823750054,CATT_wb+MaECT+CATT_16_Dilution +iELISA+ Mosango
0,1863257.62190045,3914210.75039317,5751301.4744734,CATT_wb+MaECT+MaECT_bc+CATT_16_Dilution +iELISA+ YasaBonga
0,1425486.47762366,2991251.89655225,4390982.45637158,CATT_wb+MaECT+MaECT_bc+CATT_16_Dilution +iELISA+ Kwamouth
0,420739.304389309,881942.516692876,1295166.48609086,CATT_wb+MaECT+MaECT_bc+CATT_16_Dilution +iELISA+ Mosango
0,1166725.26012532,2454792.78864853,3610784.94828329,CATT_wb+MaECT+QBC+CATT_16_Dilution +iELISA+ YasaBonga
0,904689.57658558,1902262.40744142,2796382.88222565,CATT_wb+MaECT+QBC+CATT_16_Dilution +iELISA+ Kwamouth
0,272132.131620854,571588.963016533,840425.231036198,CATT_wb+MaECT+QBC+CATT_16_Dilution +iELISA+ Mosango
0,965393.249466866,2027487.56908475,2978508.3542402,CATT_wb+MaECT_bc+CATT_16_Dilution +iELISA+ YasaBonga
0,736624.859044504,1545169.52687354,2267624.22835017,CATT_wb+MaECT_bc+CATT_16_Dilution +iELISA+ Kwamouth
0,216577.856174655,453801.615558696,666259.423753719,CATT_wb+MaECT_bc+CATT_16_Dilution +iELISA+ Mosango
0,1165193.2307608,2451671.74908045,3606298.61886493,CATT_wb+MaECT_bc+QBC+CATT_16_Dilution +iELISA+ YasaBonga
0,903894.929499151,1900698.51647672,2794196.24920612,CATT_wb+MaECT_bc+QBC+CATT_16_Dilution +iELISA+ Kwamouth
0,272062.46591791,571478.038336364,840294.470321784,CATT_wb+MaECT_bc+QBC+CATT_16_Dilution +iELISA+ Mosango
0,649591.533439372,1367457.87436267,2012133.03095943,CATT_wb+QBC+CATT_16_Dilution +iELISA+ YasaBonga
0,505819.888757377,1064274.95627018,1565235.1164308,CATT_wb+QBC+CATT_16_Dilution +iELISA+ Kwamouth
0,153024.316509973,321611.604553199,473049.192901931,CATT_wb+QBC+CATT_16_Dilution +iELISA+ Mosango
0,470963.393756288,991593.082302887,1459239.94085023,RDT1_SD+CTC+CATT_4_Dilution+iELISA+ YasaBonga
0,367397.510632165,773201.218162773,1137335.81052391,RDT1_SD+CTC+CATT_4_Dilution+iELISA+ Kwamouth
0,111437.52870597,234267.885802896,344632.416718377,RDT1_SD+CTC+CATT_4_Dilution+iELISA+ Mosango
0,644289.242170237,1354301.1270626,1990758.11210152,RDT1_SD+CTC+MaECT+CATT_4_Dilution+iELISA+ YasaBonga
0,495550.168834178,1040697.93934926,1528541.84376419,RDT1_SD+CTC+MaECT+CATT_4_Dilution+iELISA+ Kwamouth
0,147381.15455939,309187.42386555,454277.234658411,RDT1_SD+CTC+MaECT+CATT_4_Dilution+iELISA+ Mosango
0,641357.384943349,1348372.20673762,1982279.72496675,RDT1_SD+CTC+MaECT_bc+CATT_4_Dilution+iELISA+ YasaBonga
0,494044.789401036,1037772.30991724,1524487.97531141,RDT1_SD+CTC+MaECT_bc+CATT_4_Dilution+iELISA+ Kwamouth
0,147249.273404898,308981.220597463,454036.970691563,RDT1_SD+CTC+MaECT_bc+CATT_4_Dilution+iELISA+ Mosango
0,508643.74413463,1071259.7882637,1576814.47873606,RDT1_SD+CTC+QBC+CATT_4_Dilution+iELISA+ YasaBonga
0,397862.030080525,837645.487435296,1232470.05068475,RDT1_SD+CTC+QBC+CATT_4_Dilution+iELISA+ Kwamouth
0,121122.77678765,254725.756697914,374814.450215802,RDT1_SD+CTC+QBC+CATT_4_Dilution+iELISA+ Mosango
0,730663.067427942,1534616.7315216,2254555.06743597,RDT1_SD+MaECT+CATT_4_Dilution+iELISA+ YasaBonga
0,558015.97550987,1170630.58059302,1718092.90740258,RDT1_SD+MaECT+CATT_4_Dilution+iELISA+ Kwamouth
0,164288.801206003,344284.401516782,505512.007834539,RDT1_SD+MaECT+CATT_4_Dilution+iELISA+ Mosango
0,1292230.58785756,2709280.40094077,3975424.89058976,RDT1_SD+MaECT+MaECT_bc+CATT_4_Dilution+iELISA+ YasaBonga
0,971657.27677168,2033519.60022767,2979507.35187319,RDT1_SD+MaECT+MaECT_bc+CATT_4_Dilution+iELISA+ Kwamouth
0,279618.957234763,584511.455091926,856938.982292732,RDT1_SD+MaECT+MaECT_bc+CATT_4_Dilution+iELISA+ Mosango
0,850372.12291856,1787801.82798577,2628300.59578941,RDT1_SD+MaECT+QBC+CATT_4_Dilution+iELISA+ YasaBonga
0,655059.138574104,1375996.01912579,2021341.56469843,RDT1_SD+MaECT+QBC+CATT_4_Dilution+iELISA+ Kwamouth
0,195242.604072929,409689.011915142,602024.164756056,RDT1_SD+MaECT+QBC+CATT_4_Dilution+iELISA+ Mosango
0,729144.843194478,1531542.86255962,2250155.11933951,RDT1_SD+MaECT_bc+CATT_4_Dilution+iELISA+ YasaBonga
0,557235.424134591,1169109.35229669,1715980.76121831,RDT1_SD+MaECT_bc+CATT_4_Dilution+iELISA+ Kwamouth
0,164220.398781446,344177.038801199,505386.58467746,RDT1_SD+MaECT_bc+CATT_4_Dilution+iELISA+ Mosango
0,848980.668816891,1784987.42945055,2624275.66130238,RDT1_SD+MaECT_bc+QBC+CATT_4_Dilution+iELISA+ YasaBonga
0,654344.461810693,1374606.85857692,2019416.35994334,RDT1_SD+MaECT_bc+QBC+CATT_4_Dilution+iELISA+ Kwamouth
0,195179.947256215,409591.030597073,601909.994044343,RDT1_SD+MaECT_bc+QBC+CATT_4_Dilution+iELISA+ Mosango
0,492021.295140211,1035769.98376329,1524089.94015394,RDT1_SD+QBC+CATT_4_Dilution+iELISA+ YasaBonga
0,383324.733191411,806563.003374644,1186247.23560858,RDT1_SD+QBC+CATT_4_Dilution+iELISA+ Kwamouth
0,116061.741763623,243943.504620882,358825.938545539,RDT1_SD+QBC+CATT_4_Dilution+iELISA+ Mosango
0,463294.531768457,975093.091532871,1434598.95225812,RDT1_SD+CTC+CATT_8_Dilution+iELISA+ YasaBonga
0,360136.423532604,757558.386643401,1113949.54101555,RDT1_SD+CTC+CATT_8_Dilution+iELISA+ Kwamouth
0,108692.843481944,228383.679252666,335872.748620924,RDT1_SD+CTC+CATT_8_Dilution+iELISA+ Mosango
0,633431.228929278,1331326.10915519,1956831.95449266,RDT1_SD+CTC+MaECT+CATT_8_Dilution+iELISA+ YasaBonga
0,486643.543951894,1021835.72098398,1500672.99401786,RDT1_SD+CTC+MaECT+CATT_8_Dilution+iELISA+ Kwamouth
0,144492.992798888,303077.131073202,445253.033619108,RDT1_SD+CTC+MaECT+CATT_8_Dilution+iELISA+ Mosango
0,629910.585197117,1324190.17020298,1946610.99767273,RDT1_SD+CTC+MaECT_bc+CATT_8_Dilution+iELISA+ YasaBonga
0,484830.061983697,1018297.55557362,1495756.37418703,RDT1_SD+CTC+MaECT_bc+CATT_8_Dilution+iELISA+ Kwamouth
0,144334.067705787,302827.225759574,444960.777459143,RDT1_SD+CTC+MaECT_bc+CATT_8_Dilution+iELISA+ Mosango
0,497774.862860612,1048246.51641422,1542816.87394466,RDT1_SD+CTC+QBC+CATT_8_Dilution+iELISA+ YasaBonga
0,388944.137351168,818747.301950006,1204537.17171191,RDT1_SD+CTC+QBC+CATT_8_Dilution+iELISA+ Kwamouth
0,118233.571845621,248612.390209928,365785.573759412,RDT1_SD+CTC+QBC+CATT_8_Dilution+iELISA+ Mosango
0,708199.366158708,1485941.64046494,2181525.86483237,RDT1_SD+MaECT+CATT_8_Dilution+iELISA+ YasaBonga
0,535820.886641993,1122530.59855494,1645903.13848467,RDT1_SD+MaECT+CATT_8_Dilution+iELISA+ Kwamouth
0,155596.909243699,325590.720114139,477634.222603327,RDT1_SD+MaECT+CATT_8_Dilution+iELISA+ Mosango
0,1255787.76499587,2632262.03487336,3861791.28333705,RDT1_SD+MaECT+MaECT_bc+CATT_8_Dilution+iELISA+ YasaBonga
0,942261.023217769,1971366.18624424,2887785.36365011,RDT1_SD+MaECT+MaECT_bc+CATT_8_Dilution+iELISA+ Kwamouth
0,270298.286002604,564830.049995018,827907.607098938,RDT1_SD+MaECT+MaECT_bc+CATT_8_Dilution+iELISA+ Mosango
0,816073.970189096,1715120.85396069,2520868.99617123,RDT1_SD+MaECT+QBC+CATT_8_Dilution+iELISA+ YasaBonga
0,626764.654945713,1315982.01268733,1932582.07201656,RDT1_SD+MaECT+QBC+CATT_8_Dilution+iELISA+ Kwamouth
0,186018.416233185,390158.310205371,573168.271380992,RDT1_SD+MaECT+QBC+CATT_8_Dilution+iELISA+ Mosango
0,706346.252223564,1482127.58384444,2176004.61119207,RDT1_SD+MaECT_bc+CATT_8_Dilution+iELISA+ YasaBonga
0,534846.064759878,1120580.1957456,1643144.18904897,RDT1_SD+MaECT_bc+CATT_8_Dilution+iELISA+ Kwamouth
0,155511.414503285,325451.295291311,477467.395073089,RDT1_SD+MaECT_bc+CATT_8_Dilution+iELISA+ Mosango
0,814607.396374692,1712143.02476303,2516598.83152386,RDT1_SD+MaECT_bc+QBC+CATT_8_Dilution+iELISA+ YasaBonga
0,626007.295396592,1314500.58310937,1930519.81162418,RDT1_SD+MaECT_bc+QBC+CATT_8_Dilution+iELISA+ Kwamouth
0,185952.012978249,390053.52363566,573045.439991762,RDT1_SD+MaECT_bc+QBC+CATT_8_Dilution+iELISA+ Mosango
0,482592.44344416,1015483.23777706,1493794.81730103,RDT1_SD+QBC+CATT_8_Dilution+iELISA+ YasaBonga
0,374495.518402865,787543.391644704,1157817.14602414,RDT1_SD+QBC+CATT_8_Dilution+iELISA+ Kwamouth
0,112765.311147889,236880.728286798,348316.775563999,RDT1_SD+QBC+CATT_8_Dilution+iELISA+ Mosango
0,453932.563636215,955030.430125914,1404716.80963431,RDT1_SD+CTC+CATT_16_Dilution +iELISA+ YasaBonga
0,351506.500391998,739033.422976042,1086320.91979603,RDT1_SD+CTC+CATT_16_Dilution +iELISA+ Kwamouth
0,105508.780580653,221572.208924394,325745.074616201,RDT1_SD+CTC+CATT_16_Dilution +iELISA+ Mosango
0,620802.17765562,1304613.19139675,1917396.12706349,RDT1_SD+CTC+MaECT+CATT_16_Dilution +iELISA+ YasaBonga
0,476321.856494417,999986.39632385,1468400.78801341,RDT1_SD+CTC+MaECT+CATT_16_Dilution +iELISA+ Kwamouth
0,141161.403711405,296031.776465189,434850.613453103,RDT1_SD+CTC+MaECT+CATT_16_Dilution +iELISA+ Mosango
0,616678.938587332,1296241.84754955,1905390.9986677,RDT1_SD+CTC+MaECT_bc+CATT_16_Dilution +iELISA+ YasaBonga
0,474193.346241776,995820.993392075,1462599.8758721,RDT1_SD+CTC+MaECT_bc+CATT_16_Dilution +iELISA+ Kwamouth
0,140974.866239736,295737.147956062,434505.071307573,RDT1_SD+CTC+MaECT_bc+CATT_16_Dilution +iELISA+ Mosango
0,485134.690607034,1021494.49224339,1503307.86704217,RDT1_SD+CTC+QBC+CATT_16_Dilution +iELISA+ YasaBonga
0,378611.022615264,796861.280027078,1172199.50874738,RDT1_SD+CTC+QBC+CATT_16_Dilution +iELISA+ Kwamouth
0,114900.969883349,241563.947075286,355378.422124616,RDT1_SD+CTC+QBC+CATT_16_Dilution +iELISA+ Mosango
0,680348.223802635,1425900.08725914,2091746.19474877,RDT1_SD+MaECT+CATT_16_Dilution +iELISA+ YasaBonga
0,509251.238612638,1065196.37461132,1560098.62201148,RDT1_SD+MaECT+CATT_16_Dilution +iELISA+ Kwamouth
0,145499.502686377,303928.247515077,445375.155932451,RDT1_SD+MaECT+CATT_16_Dilution +iELISA+ Mosango
0,1213634.86526844,2543195.84388601,3730400.77794558,RDT1_SD+MaECT+MaECT_bc+CATT_16_Dilution +iELISA+ YasaBonga
0,908315.935250144,1899609.2644108,2781905.96607658,RDT1_SD+MaECT+MaECT_bc+CATT_16_Dilution +iELISA+ Kwamouth
0,259556.99509422,542153.355612043,794461.988163775,RDT1_SD+MaECT+MaECT_bc+CATT_16_Dilution +iELISA+ Mosango
0,776116.813539002,1630492.82023028,2395823.47419538,RDT1_SD+MaECT+QBC+CATT_16_Dilution +iELISA+ YasaBonga
0,593946.055319612,1246413.77048058,1829735.18925114,RDT1_SD+MaECT+QBC+CATT_16_Dilution +iELISA+ Kwamouth
0,175375.829224156,367635.951178556,539902.444847205,RDT1_SD+MaECT+QBC+CATT_16_Dilution +iELISA+ Mosango
0,678136.926895254,1421279.42458864,2084986.95625407,RDT1_SD+MaECT_bc+CATT_16_Dilution +iELISA+ YasaBonga
0,508063.678886526,1062761.56469916,1556596.82625211,RDT1_SD+MaECT_bc+CATT_16_Dilution +iELISA+ Kwamouth
0,145395.164958059,303752.028344045,445159.896534534,RDT1_SD+MaECT_bc+CATT_16_Dilution +iELISA+ Mosango
0,774571.127908753,1627343.49700905,2391295.88489479,RDT1_SD+MaECT_bc+QBC+CATT_16_Dilution +iELISA+ YasaBonga
0,593144.042252262,1244835.32732795,1827527.85636237,RDT1_SD+MaECT_bc+QBC+CATT_16_Dilution +iELISA+ Kwamouth
0,175305.49915101,367523.909212316,539770.345160771,RDT1_SD+MaECT_bc+QBC+CATT_16_Dilution +iELISA+ Mosango
0,471125.872008411,990897.124322463,1457163.64901479,RDT1_SD+QBC+CATT_16_Dilution +iELISA+ YasaBonga
0,364017.886989952,765044.272248439,1124257.29363068,RDT1_SD+QBC+CATT_16_Dilution +iELISA+ Kwamouth
0,108942.226803846,228705.938196561,336166.976703641,RDT1_SD+QBC+CATT_16_Dilution +iELISA+ Mosango
