,2030,2040,2050,name
0,736307.58718105,1551443.71926382,2284315.97870336,CATT_wb+CTC+CATT_4_Dilution+ YasaBonga
0,578154.020747041,1217917.85480015,1792694.4034926,CATT_wb+CTC+CATT_4_Dilution+ Kwamouth
0,176925.24149701,372280.879054853,547967.705896187,CATT_wb+CTC+CATT_4_Dilution+ Mosango
0,1119350.14351605,2348195.65917208,3446987.74254689,CATT_wb+CTC+MaECT+CATT_4_Dilution+ YasaBonga
0,846000.221024565,1771954.88130183,2597724.78076139,CATT_wb+CTC+MaECT+CATT_4_Dilution+ Kwamouth
0,245326.180002237,513259.565607845,752864.353318064,CATT_wb+CTC+MaECT+CATT_4_Dilution+ Mosango
0,1116389.99399756,2342206.21205181,3438419.78748676,CATT_wb+CTC+MaECT_bc+CATT_4_Dilution+ YasaBonga
0,844479.354973578,1768996.61414448,2593623.30321483,CATT_wb+CTC+MaECT_bc+CATT_4_Dilution+ Kwamouth
0,245192.884782698,513050.879057841,752621.052363289,CATT_wb+CTC+MaECT_bc+CATT_4_Dilution+ Mosango
0,833419.181599096,1754117.48800965,2580762.22262397,CATT_wb+CTC+QBC+CATT_4_Dilution+ YasaBonga
0,648219.119564333,1363595.70113733,2005151.80017174,CATT_wb+CTC+QBC+CATT_4_Dilution+ Kwamouth
0,195817.493916398,411479.08773351,605173.273379756,CATT_wb+CTC+QBC+CATT_4_Dilution+ Mosango
0,1272247.92244357,2677399.1393782,3938813.8092707,CATT_wb+MaECT+CATT_4_Dilution+ YasaBonga
0,988464.811180858,2079006.95319884,3056815.34928385,CATT_wb+MaECT+CATT_4_Dilution+ Kwamouth
0,298155.768554566,626428.947207346,921219.003979142,CATT_wb+MaECT+CATT_4_Dilution+ Mosango
0,2554319.53466114,5340877.14012923,7822147.44461711,CATT_wb+MaECT+MaECT_bc+CATT_4_Dilution+ YasaBonga
0,1874474.71840581,3908051.64993758,5710640.24693436,CATT_wb+MaECT+MaECT_bc+CATT_4_Dilution+ Kwamouth
0,519569.269505887,1081511.72950485,1581487.23297814,CATT_wb+MaECT+MaECT_bc+CATT_4_Dilution+ Mosango
0,1596146.23083244,3352523.68624563,4925428.36906346,CATT_wb+MaECT+QBC+CATT_4_Dilution+ YasaBonga
0,1219416.89514975,2558276.91625614,3754827.19964422,CATT_wb+MaECT+QBC+CATT_4_Dilution+ Kwamouth
0,359201.319266436,752785.507027993,1105350.71096581,CATT_wb+MaECT+QBC+CATT_4_Dilution+ Mosango
0,1270717.30606243,2674300.26250229,3934378.67379179,CATT_wb+MaECT_bc+CATT_4_Dilution+ YasaBonga
0,987677.659636947,2077473.9615188,3054687.56029263,CATT_wb+MaECT_bc+CATT_4_Dilution+ Kwamouth
0,298086.755360453,626320.703974853,921092.629148976,CATT_wb+MaECT_bc+CATT_4_Dilution+ Mosango
0,1592771.80613577,3345699.16442861,4915669.2103571,CATT_wb+MaECT_bc+QBC+CATT_4_Dilution+ YasaBonga
0,1217684.36541886,2554909.6948722,3750161.12099327,CATT_wb+MaECT_bc+QBC+CATT_4_Dilution+ Kwamouth
0,359049.551081309,752548.126453186,1105074.11018015,CATT_wb+MaECT_bc+QBC+CATT_4_Dilution+ Mosango
0,782018.365552565,1647646.21933932,2425848.66304601,CATT_wb+QBC+CATT_4_Dilution+ YasaBonga
0,613693.404589651,1292672.97522366,1902615.24284363,CATT_wb+QBC+CATT_4_Dilution+ Kwamouth
0,187655.937065933,394828.365117548,581127.787358144,CATT_wb+QBC+CATT_4_Dilution+ Mosango
0,705766.790368583,1486402.36000459,2187851.21073109,CATT_wb+CTC+CATT_8_Dilution+ YasaBonga
0,551826.649473315,1161767.16688406,1709330.38287017,CATT_wb+CTC+CATT_8_Dilution+ Kwamouth
0,167890.27901037,353061.705544811,519492.228876901,CATT_wb+CTC+CATT_8_Dilution+ Mosango
0,1133349.903828,2373231.60625762,3479338.44258518,CATT_wb+CTC+MaECT+CATT_8_Dilution+ YasaBonga
0,842544.601852099,1760259.00347457,2575965.22492667,CATT_wb+CTC+MaECT+CATT_8_Dilution+ Kwamouth
0,238297.082380014,497178.589688973,728047.591077085,CATT_wb+CTC+MaECT+CATT_8_Dilution+ Mosango
0,1129351.83362523,2365089.16209932,3467637.90527899,CATT_wb+CTC+MaECT_bc+CATT_8_Dilution+ YasaBonga
0,840471.737711211,1756183.79950974,2570270.94749067,CATT_wb+CTC+MaECT_bc+CATT_8_Dilution+ Kwamouth
0,238115.505645787,496889.771335107,727707.409233545,CATT_wb+CTC+MaECT_bc+CATT_8_Dilution+ Mosango
0,811559.873201562,1706601.41251877,2509327.17426646,CATT_wb+CTC+QBC+CATT_8_Dilution+ YasaBonga
0,626341.133614517,1316066.43235656,1933708.4251282,CATT_wb+CTC+QBC+CATT_8_Dilution+ Kwamouth
0,187174.474354114,392871.585627181,577410.350815249,CATT_wb+CTC+QBC+CATT_8_Dilution+ Mosango
0,1178169.50084196,2476578.10362616,3640506.80588796,CATT_wb+MaECT+CATT_8_Dilution+ YasaBonga
0,906066.604718819,1902855.95978282,2794880.13925956,CATT_wb+MaECT+CATT_8_Dilution+ Kwamouth
0,269405.951716706,565174.621814592,830380.539565867,CATT_wb+MaECT+CATT_8_Dilution+ Mosango
0,2621837.68974687,5466713.76708977,7990821.80586051,CATT_wb+MaECT+MaECT_bc+CATT_8_Dilution+ YasaBonga
0,1875005.98923736,3892951.46166848,5671750.91706433,CATT_wb+MaECT+MaECT_bc+CATT_8_Dilution+ Kwamouth
0,498090.998671815,1031619.77679506,1503884.53310183,CATT_wb+MaECT+MaECT_bc+CATT_8_Dilution+ Mosango
0,1534341.38361114,3216902.74826058,4720291.00665612,CATT_wb+MaECT+QBC+CATT_8_Dilution+ YasaBonga
0,1153575.09232933,2414249.07680936,3537350.41161571,CATT_wb+MaECT+QBC+CATT_8_Dilution+ Kwamouth
0,331909.001149451,693809.249393355,1017168.35471196,CATT_wb+MaECT+QBC+CATT_8_Dilution+ Mosango
0,1176081.46510146,2472292.58768929,3634313.85662057,CATT_wb+MaECT_bc+CATT_8_Dilution+ YasaBonga
0,904972.755877421,1900675.97345178,2791804.67713362,CATT_wb+MaECT_bc+CATT_8_Dilution+ Kwamouth
0,269310.026706224,565019.095397768,830195.082050976,CATT_wb+MaECT_bc+CATT_8_Dilution+ Mosango
0,1529797.79081428,3207686.19083654,4707081.32691926,CATT_wb+MaECT_bc+QBC+CATT_8_Dilution+ YasaBonga
0,1151233.37289175,2409671.49003989,3530981.41702435,CATT_wb+MaECT_bc+QBC+CATT_8_Dilution+ Kwamouth
0,331703.642372361,693485.630744191,1016789.27885471,CATT_wb+MaECT_bc+QBC+CATT_8_Dilution+ Mosango
0,745053.12888199,1568936.17604879,2309125.98145271,CATT_wb+QBC+CATT_8_Dilution+ YasaBonga
0,581964.27511459,1225017.28803838,1802189.35602823,CATT_wb+QBC+CATT_8_Dilution+ Kwamouth
0,176825.594099579,371798.552113099,547015.085172406,CATT_wb+QBC+CATT_8_Dilution+ Mosango
0,669675.525129455,1409662.30809492,2074157.07490818,CATT_wb+CTC+CATT_16_Dilution + YasaBonga
0,521044.51227348,1096223.06435532,1612127.96930087,CATT_wb+CTC+CATT_16_Dilution + Kwamouth
0,157445.60288052,330868.800369059,486631.917109097,CATT_wb+CTC+CATT_16_Dilution + Mosango
0,1142753.62543028,2388516.54964009,3497262.1342679,CATT_wb+CTC+MaECT+CATT_16_Dilution + YasaBonga
0,835131.043169014,1740149.12878506,2541738.35889579,CATT_wb+CTC+MaECT+CATT_16_Dilution + Kwamouth
0,229902.165825438,478194.171383107,698929.204278948,CATT_wb+CTC+MaECT+CATT_16_Dilution + Mosango
0,1137676.36258105,2378109.95561147,3482240.66518356,CATT_wb+CTC+MaECT_bc+CATT_16_Dilution + YasaBonga
0,832475.905283958,1734872.68412956,2534309.92818632,CATT_wb+CTC+MaECT_bc+CATT_16_Dilution + Kwamouth
0,229669.284838301,477818.102253147,698481.977767257,CATT_wb+CTC+MaECT_bc+CATT_16_Dilution + Mosango
0,784326.3979627,1647728.1448109,2421135.46284903,CATT_wb+CTC+QBC+CATT_16_Dilution + YasaBonga
0,600094.057983835,1259297.11692923,1848625.7787841,CATT_wb+CTC+QBC+CATT_16_Dilution + Kwamouth
0,177129.569056759,371301.454350934,545274.741572331,CATT_wb+CTC+QBC+CATT_16_Dilution + Mosango
0,1066383.44852106,2238391.64336197,3287125.49289424,CATT_wb+MaECT+CATT_16_Dilution + YasaBonga
0,809427.289906387,1696638.87530163,2488616.97981093,CATT_wb+MaECT+CATT_16_Dilution + Kwamouth
0,236146.237606485,494402.732059298,725505.956554934,CATT_wb+MaECT+CATT_16_Dilution + Mosango
0,2675079.30684727,5562079.52510101,8114246.35897096,CATT_wb+MaECT+MaECT_bc+CATT_16_Dilution + YasaBonga
0,1863039.18227223,3851158.30522343,5593186.89090247,CATT_wb+MaECT+MaECT_bc+CATT_16_Dilution + Kwamouth
0,472257.02050157,972449.33205498,1412523.67159988,CATT_wb+MaECT+MaECT_bc+CATT_16_Dilution + Mosango
0,1455498.22227103,3045242.55209545,4461946.78517049,CATT_wb+MaECT+QBC+CATT_16_Dilution + YasaBonga
0,1073827.59717177,2240783.30710451,3276392.04693779,CATT_wb+MaECT+QBC+CATT_16_Dilution + Kwamouth
0,300137.21731132,625361.228644909,915002.240443659,CATT_wb+MaECT+QBC+CATT_16_Dilution + Mosango
0,1063704.40994578,2232817.29250307,3278993.82318669,CATT_wb+MaECT_bc+CATT_16_Dilution + YasaBonga
0,807997.104252883,1693725.09212057,2484443.53512552,CATT_wb+MaECT_bc+CATT_16_Dilution + Kwamouth
0,236020.75005431,494192.590853472,725250.559946276,CATT_wb+MaECT_bc+CATT_16_Dilution + Mosango
0,1449758.3547181,3033553.75469712,4445151.0689584,CATT_wb+MaECT_bc+QBC+CATT_16_Dilution + YasaBonga
0,1070852.32590912,2234935.09049948,3268221.57244335,CATT_wb+MaECT_bc+QBC+CATT_16_Dilution + Kwamouth
0,299876.266314802,624946.509526791,914513.919496199,CATT_wb+MaECT_bc+QBC+CATT_16_Dilution + Mosango
0,701426.904383215,1476170.44835605,2171686.17399206,CATT_wb+QBC+CATT_16_Dilution + YasaBonga
0,544888.470492649,1146074.25251245,1685122.92819142,CATT_wb+QBC+CATT_16_Dilution + Kwamouth
0,164307.055637711,345206.746234084,507650.086430569,CATT_wb+QBC+CATT_16_Dilution + Mosango
0,525417.296924538,1106464.62539705,1628509.96655572,RDT1_SD+CTC+CATT_4_Dilution+ YasaBonga
0,410581.500053586,864303.519895515,1271568.3779879,RDT1_SD+CTC+CATT_4_Dilution+ Kwamouth
0,124829.045237267,262484.336897412,386198.840288188,RDT1_SD+CTC+CATT_4_Dilution+ Mosango
0,796132.103647263,1666058.63924266,2441513.78465926,RDT1_SD+CTC+MaECT+CATT_4_Dilution+ YasaBonga
0,588708.897287581,1228872.19632604,1797230.78814973,RDT1_SD+CTC+MaECT+CATT_4_Dilution+ Kwamouth
0,165148.794358852,344239.445215187,503802.62321175,RDT1_SD+CTC+MaECT+CATT_4_Dilution+ Mosango
0,793146.12555249,1660017.02957924,2432871.08682638,RDT1_SD+CTC+MaECT_bc+CATT_4_Dilution+ YasaBonga
0,587174.513974022,1225887.84191279,1793093.63302889,RDT1_SD+CTC+MaECT_bc+CATT_4_Dilution+ Kwamouth
0,165014.325131966,344028.926981529,503557.180781053,RDT1_SD+CTC+MaECT_bc+CATT_4_Dilution+ Mosango
0,590545.211154903,1241620.20014228,1825415.91275581,RDT1_SD+CTC+QBC+CATT_4_Dilution+ YasaBonga
0,455129.562787174,956103.178561316,1404592.31972841,RDT1_SD+CTC+QBC+CATT_4_Dilution+ Kwamouth
0,135746.479866545,284866.05082753,418619.870122756,RDT1_SD+CTC+QBC+CATT_4_Dilution+ Mosango
0,846494.238469857,1778929.37026081,2614528.24104524,RDT1_SD+MaECT+CATT_4_Dilution+ YasaBonga
0,649754.377554646,1364129.37440729,2003162.8600045,RDT1_SD+MaECT+CATT_4_Dilution+ Kwamouth
0,192688.675042814,404113.72036288,593639.123243444,RDT1_SD+MaECT+CATT_4_Dilution+ Mosango
0,1769615.37327412,3684510.5323259,5380365.67494878,RDT1_SD+MaECT+MaECT_bc+CATT_4_Dilution+ YasaBonga
0,1248920.79852827,2587374.85226891,3763703.98203325,RDT1_SD+MaECT+MaECT_bc+CATT_4_Dilution+ Kwamouth
0,324265.401970139,669717.508425718,974613.168602362,RDT1_SD+MaECT+MaECT_bc+CATT_4_Dilution+ Mosango
0,1068161.44503858,2238231.86684591,3282951.31485278,RDT1_SD+MaECT+QBC+CATT_4_Dilution+ YasaBonga
0,799111.957641518,1671106.23388603,2447150.41716596,RDT1_SD+MaECT+QBC+CATT_4_Dilution+ Kwamouth
0,228220.221213698,476666.123831435,698470.51710842,RDT1_SD+MaECT+QBC+CATT_4_Dilution+ Mosango
0,844950.041533867,1775802.97624333,2610053.44631937,RDT1_SD+MaECT_bc+CATT_4_Dilution+ YasaBonga
0,648960.306474095,1362582.67624241,2001016.05357592,RDT1_SD+MaECT_bc+CATT_4_Dilution+ Kwamouth
0,192619.040648218,404004.506219877,593511.604235397,RDT1_SD+MaECT_bc+CATT_4_Dilution+ Mosango
0,1064757.38230534,2231347.52794993,3273106.47337196,RDT1_SD+MaECT_bc+QBC+CATT_4_Dilution+ YasaBonga
0,797364.342468322,1667709.65139568,2442443.63261326,RDT1_SD+MaECT_bc+QBC+CATT_4_Dilution+ Kwamouth
0,228067.118264633,476426.648511256,698191.471352063,RDT1_SD+MaECT_bc+QBC+CATT_4_Dilution+ Mosango
0,551918.53859475,1162125.10553165,1710282.37202399,RDT1_SD+QBC+CATT_4_Dilution+ YasaBonga
0,430825.932193286,906773.327498878,1333900.16423955,RDT1_SD+QBC+CATT_4_Dilution+ Kwamouth
0,130792.06469792,274980.867090516,404547.932581566,RDT1_SD+QBC+CATT_4_Dilution+ Mosango
0,511931.237427725,1077410.95779008,1585085.60773873,RDT1_SD+CTC+CATT_8_Dilution+ YasaBonga
0,397809.456475525,836759.141477095,1230363.51169061,RDT1_SD+CTC+CATT_8_Dilution+ Kwamouth
0,120009.485400115,252149.761184729,370813.763337232,RDT1_SD+CTC+CATT_8_Dilution+ Mosango
0,827571.16654963,1727858.62035405,2528012.75551984,RDT1_SD+CTC+MaECT+CATT_8_Dilution+ YasaBonga
0,599004.160379842,1246161.14854622,1818153.36684487,RDT1_SD+CTC+MaECT+CATT_8_Dilution+ Kwamouth
0,162351.29851904,337067.485537217,492103.707654543,RDT1_SD+CTC+MaECT+CATT_8_Dilution+ Mosango
0,823538.166783239,1719645.16561573,2516210.55090874,RDT1_SD+CTC+MaECT_bc+CATT_8_Dilution+ YasaBonga
0,596913.483113788,1242050.87158042,1812410.73505684,RDT1_SD+CTC+MaECT_bc+CATT_8_Dilution+ Kwamouth
0,162167.929336093,336775.959636348,491760.406896781,RDT1_SD+CTC+MaECT_bc+CATT_8_Dilution+ Mosango
0,585811.108982018,1230233.03248146,1807221.62539316,RDT1_SD+CTC+QBC+CATT_8_Dilution+ YasaBonga
0,446841.17274072,937245.551730527,1375397.24936418,RDT1_SD+CTC+QBC+CATT_8_Dilution+ Kwamouth
0,131320.884324628,275145.476810623,403949.103034948,RDT1_SD+CTC+QBC+CATT_8_Dilution+ Mosango
0,807021.884991361,1693330.49428953,2486036.57753056,RDT1_SD+MaECT+CATT_8_Dilution+ YasaBonga
0,610748.649136239,1279547.29942775,1876175.18487458,RDT1_SD+MaECT+CATT_8_Dilution+ Kwamouth
0,177429.349198612,371291.893637357,544691.84278742,RDT1_SD+MaECT+CATT_8_Dilution+ Mosango
0,1893139.84682885,3928393.59230617,5722889.07835733,RDT1_SD+MaECT+MaECT_bc+CATT_8_Dilution+ YasaBonga
0,1293554.62794855,2665222.71997307,3861667.9944743,RDT1_SD+MaECT+MaECT_bc+CATT_8_Dilution+ Kwamouth
0,316336.90620139,648347.869124653,939003.299814603,RDT1_SD+MaECT+MaECT_bc+CATT_8_Dilution+ Mosango
0,1061228.19473966,2218365.42848404,3248386.99577938,RDT1_SD+MaECT+QBC+CATT_8_Dilution+ YasaBonga
0,776793.057812273,1618896.94520905,2364963.22091171,RDT1_SD+MaECT+QBC+CATT_8_Dilution+ Kwamouth
0,214426.696336808,446132.671195529,652188.365645868,RDT1_SD+MaECT+QBC+CATT_8_Dilution+ Mosango
0,804916.199903165,1689007.25309118,2479788.50440628,RDT1_SD+MaECT_bc+CATT_8_Dilution+ YasaBonga
0,609644.763772714,1277347.1042476,1873070.86877872,RDT1_SD+MaECT_bc+CATT_8_Dilution+ Kwamouth
0,177332.544105006,371134.839494325,544504.550245789,RDT1_SD+MaECT_bc+CATT_8_Dilution+ Mosango
0,1056644.89279935,2209068.3582311,3235062.04047352,RDT1_SD+MaECT_bc+QBC+CATT_8_Dilution+ YasaBonga
0,774430.043226883,1614279.31659273,2358538.62795446,RDT1_SD+MaECT_bc+QBC+CATT_8_Dilution+ Kwamouth
0,214219.501693771,445806.17515786,651805.945762063,RDT1_SD+MaECT_bc+QBC+CATT_8_Dilution+ Mosango
0,535355.313917976,1126465.9099532,1657009.80053265,RDT1_SD+QBC+CATT_8_Dilution+ YasaBonga
0,415313.531217808,873340.361774453,1283910.63134747,RDT1_SD+QBC+CATT_8_Dilution+ Kwamouth
0,125005.208404819,262581.065313751,386097.358229048,RDT1_SD+QBC+CATT_8_Dilution+ Mosango
0,495470.142735111,1042092.58226267,1532440.1876821,RDT1_SD+CTC+CATT_16_Dilution + YasaBonga
0,382631.511279397,804145.005415506,1181692.39227545,RDT1_SD+CTC+CATT_16_Dilution + Kwamouth
0,114418.474967223,240186.845552016,353026.284929127,RDT1_SD+CTC+CATT_16_Dilution + Mosango
0,856997.647706068,1785356.00343595,2608114.33255796,RDT1_SD+CTC+MaECT+CATT_16_Dilution + YasaBonga
0,607393.921273459,1259366.35350595,1832989.09531902,RDT1_SD+CTC+MaECT+CATT_16_Dilution + Kwamouth
0,158826.337121147,328337.510757528,478085.571546998,RDT1_SD+CTC+MaECT+CATT_16_Dilution + Mosango
0,851876.725506949,1774862.73829019,2592969.13857549,RDT1_SD+CTC+MaECT_bc+CATT_16_Dilution + YasaBonga
0,604715.812071206,1254046.28886902,1825501.25600606,RDT1_SD+CTC+MaECT_bc+CATT_16_Dilution + Kwamouth
0,158591.499302949,327958.47543663,477634.895749416,RDT1_SD+CTC+MaECT_bc+CATT_16_Dilution + Mosango
0,578279.404500816,1212924.99067187,1780283.21031984,RDT1_SD+CTC+QBC+CATT_16_Dilution + YasaBonga
0,436233.09968785,913472.907656052,1338937.04374363,RDT1_SD+CTC+QBC+CATT_16_Dilution + Kwamouth
0,126131.538742125,263807.393408767,386887.688348117,RDT1_SD+CTC+QBC+CATT_16_Dilution + Mosango
0,758086.13205819,1587759.99475553,2328105.99720936,RDT1_SD+MaECT+CATT_16_Dilution + YasaBonga
0,564058.905215473,1178737.87505386,1725256.00087072,RDT1_SD+MaECT+CATT_16_Dilution + Kwamouth
0,159702.791198489,333257.985374703,488052.567075257,RDT1_SD+MaECT+CATT_16_Dilution + Mosango
0,2010656.54984557,4159256.634028,6045885.56350998,RDT1_SD+MaECT+MaECT_bc+CATT_16_Dilution + YasaBonga
0,1332264.49175328,2730243.55106116,3940394.53512821,RDT1_SD+MaECT+MaECT_bc+CATT_16_Dilution + Kwamouth
0,306096.03046501,622006.268501574,895980.152933537,RDT1_SD+MaECT+MaECT_bc+CATT_16_Dilution + Mosango
0,1045503.04252944,2179861.9398222,3186265.3220232,RDT1_SD+MaECT+QBC+CATT_16_Dilution + YasaBonga
0,747127.25581023,1551093.12514026,2259697.7999028,RDT1_SD+MaECT+QBC+CATT_16_Dilution + Kwamouth
0,198195.691378993,410431.888790987,598265.065550503,RDT1_SD+MaECT+QBC+CATT_16_Dilution + Mosango
0,755384.324397994,1582138.41163108,2319905.82595183,RDT1_SD+MaECT_bc+CATT_16_Dilution + YasaBonga
0,562616.970243638,1175800.35999904,1721048.91520331,RDT1_SD+MaECT_bc+CATT_16_Dilution + Kwamouth
0,159576.209581371,333046.132040403,487795.128468058,RDT1_SD+MaECT_bc+CATT_16_Dilution + Mosango
0,1039712.67757018,2168071.42328935,3169325.06993207,RDT1_SD+MaECT_bc+QBC+CATT_16_Dilution + YasaBonga
0,744125.86928601,1545194.21761781,2251457.76089789,RDT1_SD+MaECT_bc+QBC+CATT_16_Dilution + Kwamouth
0,197932.640480321,410013.84113701,597772.821594707,RDT1_SD+MaECT_bc+QBC+CATT_16_Dilution + Mosango
0,515213.241161074,1083253.99625348,1592604.42968385,RDT1_SD+QBC+CATT_16_Dilution + YasaBonga
0,396906.083568549,833794.240176981,1224906.64588151,RDT1_SD+QBC+CATT_16_Dilution + Kwamouth
0,118293.902448952,248229.101842277,364766.580621362,RDT1_SD+QBC+CATT_16_Dilution + Mosango
